latitude,longitude,altitude,geometry,coordinates,@id,amenity,building,name,type,shop,landuse,tourism,area,highway,addr:housenumber,addr:street,barrier,operator,addr:city,addr:postcode,check_date,opening_hours,wheelchair,building:levels,toilets:wheelchair,wikidata,opening_hours:cinema,opening_hours:restaurant,source,alt_name,access,phone,addr:district,name:en,name:hi,indoor:area,indoor:level,male,fee,toilets:disposal,layer,description,note,female,level,website,designation,fax,place,payment:bitcoin,payment,tactile_paving,unisex,changing_table,address,crossing,disused:amenity
28.65692,77.2214523,,Polygon,"77.2214523,28.65692,77.2214777,28.6563755,77.2222061,28.6564016,77.2221807,28.6569461,77.2214523,28.65692,77.2215932,28.6568072,77.2221025,28.6568255,77.2221173,28.6565079,77.221608,28.6564896,77.2215932,28.6568072",relation/5246853,marketplace,yes,Wholesale Spice Market,multipolygon,,,,,,,,,,,,,,,,,,,,,,,,,,,,,,,,,,,,,,,,,,,,,,,,
28.6663803,77.226921,,Polygon,"77.226921,28.6663803,77.2269824,28.6663785,77.226986,28.6664753,77.2269245,28.666477,77.226921,28.6663803",way/48532705,police,,,,,,,,,,,,,,,,,,,,,,,,,,,,,,,,,,,,,,,,,,,,,,,,,,,
28.7036913,77.1582441,,Polygon,"77.1582441,28.7036913,77.1570863,28.7030586,77.1578975,28.7019166,77.1590553,28.7025493,77.1582441,28.7036913",way/78180108,,,,,mall,,,,,,,,,,,,,,,,,,,,,,,,,,,,,,,,,,,,,,,,,,,,,,,
28.6444701,77.2261285,,Polygon,"77.2261285,28.6444701,77.2247534,28.6451637,77.2245755,28.6452139,77.2238915,28.6451033,77.2238191,28.6450562,77.223811,28.6449503,77.223972,28.6444159,77.2240819,28.6442606,77.2241914,28.6441729,77.2255276,28.6435332,77.2261285,28.6444701",way/80418115,marketplace,,Kamala Market,,,commercial,,,,,,,,,,,,,,,,,,,,,,,,,,,,,,,,,,,,,,,,,,,,,,
28.5114924,77.2634079,,Polygon,"77.2634079,28.5114924,77.2634043,28.5110279,77.263455,28.5110215,77.2634623,28.511486,77.2634079,28.5114924",way/102758311,marketplace,yes,Meena Bazar,,,,attraction,,,,,,,,,,,,,,,,,,,,,,,,,,,,,,,,,,,,,,,,,,,,,
28.6408238,77.2132873,,Polygon,"77.2132873,28.6408238,77.2132889,28.6407887,77.2133142,28.640744,77.213336,28.6406973,77.2133668,28.6406805,77.2133759,28.6406755,77.2135218,28.6407079,77.2136674,28.6407603,77.2136187,28.6409201,77.2136511,28.6409509,77.2137718,28.6410657,77.2136977,28.6410628,77.2133929,28.6410504,77.2134,28.6409674,77.2133168,28.640918,77.2132873,28.6408238",way/123406193,marketplace,,Tooti Chowk (Subzi Mandi),,,,,yes,pedestrian,,,,,,,,,,,,,,,,,,,,,,,,,,,,,,,,,,,,,,,,,,,
28.7036171,77.2283854,,Polygon,"77.2283854,28.7036171,77.2283854,28.7034713,77.2287985,28.7034901,77.2287904,28.7036171,77.2283854,28.7036171",way/129792196,,yes,,,mall,,,,,39,Tibetan New Camp,,,,,,,,,,,,,,,,,,,,,,,,,,,,,,,,,,,,,,,,,
28.4809827,77.1151036,,Polygon,"77.1151036,28.4809827,77.1150908,28.4811349,77.114681,28.4812187,77.1132906,28.4814246,77.111398,28.4814339,77.1105333,28.4814043,77.1097467,28.4818526,77.1092784,28.4821272,77.1086572,28.4821614,77.1085982,28.481508,77.1089168,28.4813732,77.1089202,28.4810342,77.1094714,28.480948,77.1094124,28.480668,77.1108047,28.4803776,77.1116649,28.4799806,77.1130478,28.4798328,77.1150288,28.4799971,77.1151036,28.4809827",way/143050456,marketplace,,marble market,,,,,,,,,,,,,,,,,,,,,,,,,,,,,,,,,,,,,,,,,,,,,,,,,
28.6003537,77.0469576,,Polygon,"77.0469576,28.6003537,77.0473428,28.6007988,77.0464221,28.601413,77.0460369,28.6009679,77.0469576,28.6003537",way/151571969,,,"Commercial Area, Sec 4",,mall,,,,,,,,,,,,,,,,,,,,,,,,,,,,,,,,,,,,,,,,,,,,,,,
28.5495713,77.2553409,,Polygon,"77.2553409,28.5495713,77.2555148,28.5496437,77.2554045,28.5498532,77.2552271,28.5497822,77.2553409,28.5495713",way/153157987,police,,Nehru Place Police Station,,,,,,,,,wall,,,,,,,,,,,,,,,,,,,,,,,,,,,,,,,,,,,,,,,,
28.5809658,77.0639755,,Polygon,"77.0639755,28.5809658,77.0636808,28.5806027,77.0638897,28.5804719,77.0641844,28.580835,77.0639755,28.5809658",way/154162075,marketplace,,Sector 9 Market,,,,,,,,,wall,,,,,,,,,,,,,,,,,,,,,,,,,,,,,,,,,,,,,,,,
28.5883334,77.0431671,,Polygon,"77.0431671,28.5883334,77.0428237,28.5879304,77.0429019,28.5872765,77.0446292,28.586139,77.0448468,28.5864077,77.043803,28.5871183,77.0435139,28.5872944,77.0432623,28.5875124,77.0432249,28.5879035,77.0434187,28.5881453,77.0431671,28.5883334",way/154186647,marketplace,,Sector - 11 market,,,,,,,,,,,,,,,,,,,,,,,,,,,,,,,,,,,,,,,,,,,,,,,,,
28.629589,77.0792497,,Polygon,"77.0792497,28.629589,77.0797969,28.6294007,77.0801777,28.6295655,77.0799331,28.6302278,77.0791016,28.6298887,77.0792497,28.629589",way/154330052,,,WEST MALL,,mall,,,,,,,,,,,,,,,,,,,,,,,,,,,,,,,,,,,,,,,,,,,,,,,
28.5362792,77.2493227,,Polygon,"77.2493227,28.5362792,77.2503082,28.5365335,77.2493751,28.5370486,77.2490175,28.5372818,77.2487488,28.5369368,77.2493227,28.5362792",way/154712258,police,yes,CR Park Police Station,,,,,,,,,wall,,,,,,,,,,,,,,,,,,,,,,,,,,,,,,,,,,,,,,,,
28.5598376,77.2619985,,Polygon,"77.2619985,28.5598376,77.2636287,28.5578991,77.2643747,28.5583831,77.2627445,28.5603216,77.2619985,28.5598376",way/168615309,marketplace,,Greengrocer market,,,retail,,,,,,,,,,,,,,,,,,,,,,,,,,,,,,,,,,,,,,,,,,,,,,
28.5684487,77.240258,,Polygon,"77.240258,28.5684487,77.2401354,28.5681985,77.2404346,28.5680855,77.2404016,28.5680183,77.240479,28.567989,77.2404611,28.5679525,77.2406031,28.5678988,77.2406517,28.5679978,77.2405193,28.5680478,77.2406442,28.5683028,77.240258,28.5684487",way/169412325,police,yes,Lajpat Nagar Police Station,,,,,,,,,,Delhi Police,,,,,,,,,,,,,,,,,,,,,,,,,,,,,,,,,,,,,,,
28.6900501,77.1333715,,Polygon,"77.1333715,28.6900501,77.1349176,28.6894858,77.1349753,28.6903259,77.1337206,28.6907257,77.1333715,28.6900501",way/171605367,,yes,Aggarwal City Mall,,mall,,,,,,,,,,,,,,,,,,,,,,,,,,,,,,,,,,,,,,,,,,,,,,,
28.5346134,77.2911162,,Polygon,"77.2911162,28.5346134,77.2917454,28.5349049,77.2918614,28.5352124,77.2917848,28.5354378,77.2906114,28.5349205,77.290838,28.5346887,77.2911162,28.5346134",way/172774979,marketplace,yes,H- pocket market,,,,,,,,,,,,,,,,,,,,,,,,,,,,,,,,,,,,,,,,,,,,,,,,,
28.5421374,77.1546867,,Polygon,"77.1546867,28.5421374,77.1540001,28.541176,77.1543005,28.5409875,77.1541288,28.5407519,77.1542039,28.5406671,77.1544399,28.5405917,77.1546545,28.5404786,77.1547189,28.5403749,77.1548798,28.5402712,77.1550515,28.5403749,77.1551564,28.5405227,77.1553458,28.5407895,77.1555414,28.5410651,77.1556201,28.541176,77.1557703,28.541242,77.1558857,28.5413716,77.1558749,28.5415695,77.1558025,28.5416473,77.1557167,28.5417887,77.1557355,28.5419182,77.1556201,28.5420149,77.1555236,28.5420149,77.1553197,28.5418829,77.1551695,28.5418641,77.1546867,28.5421374",way/179846605,,yes,Ambience Mall,,mall,,,,,2,Nelson Mandela Marg,,,New Delhi,110070,11/10/2019,10:00-22:00,yes,,,,,,,,,,,,,,,,,,,,,,,,,,,,,,,,,,
28.5352011,77.1521073,,Polygon,"77.1521073,28.5352011,77.1520855,28.5354645,77.1516411,28.5357015,77.1513274,28.5352476,77.1521486,28.5348096,77.152262,28.5349737,77.1520342,28.5350953,77.1521073,28.5352011",way/190291268,police,,,,,,,,,,,,,,,,,,,,,,,,,,,,,,,,,,,,,,,,,,,,,,,,,,,
28.5347576,77.1426919,,Polygon,"77.1426919,28.5347576,77.1424154,28.5344877,77.1433538,28.5335455,77.1433762,28.5336191,77.1433845,28.5337442,77.1433371,28.5340092,77.1432561,28.5342251,77.1431611,28.5344043,77.143041,28.5345637,77.1426919,28.5347576",way/190291270,police,,,,,,,,,,,wall,,,,,,,,,,,,,,,,,,,,,,,,,,,,,,,,,,,,,,,,
28.5433532,77.1562319,,Polygon,"77.1562319,28.5433532,77.156146,28.5432778,77.1562533,28.543193,77.1562748,28.5431081,77.1564035,28.5430233,77.1565645,28.542995,77.1567683,28.5430422,77.1569078,28.5431458,77.157058,28.5430516,77.1572887,28.5433635,77.1571116,28.5434757,77.1571975,28.5435794,77.1572189,28.5436642,77.1572511,28.5437113,77.1571545,28.5438527,77.1571975,28.5439469,77.1569507,28.5440883,77.156838,28.5440044,77.1566288,28.5439187,77.1562319,28.5433532",way/191980797,,yes,DLF Emporio,,mall,,,,,4,Nelson Mandela Marg,,,New Delhi,110070,,11:00-21:00,yes,4,yes,Q5374410,,,,,,,,,,,,,,,,,,,,,,,,,,,,,,,
28.5431176,77.1555452,,Polygon,"77.1555452,28.5431176,77.1552019,28.5426746,77.1552555,28.542618,77.155159,28.5425144,77.1552126,28.5424861,77.1552019,28.5423636,77.1553521,28.5422976,77.1554808,28.5423259,77.1555399,28.5423268,77.1556525,28.5424484,77.1557866,28.5424493,77.1560387,28.5422787,77.1559315,28.5421751,77.1558885,28.5421279,77.15591,28.5417981,77.1561031,28.541685,77.1562319,28.5417604,77.1562962,28.5418452,77.1562211,28.5420243,77.1561782,28.5421939,77.1562211,28.5423447,77.1562962,28.5424484,77.1565001,28.5425709,77.1566878,28.5425624,77.1568273,28.5425624,77.1569668,28.5427698,77.1568005,28.5428348,77.1563821,28.5427877,77.1562641,28.5428254,77.1561782,28.5427406,77.1560387,28.5427783,77.1560387,28.5429573,77.1561138,28.5430704,77.15591,28.5432307,77.1557169,28.5432212,77.1555452,28.5431176",way/191980803,,yes,DLF Promenade,,mall,,,,,3,Nelson Mandela Marg,,,New Delhi,110070,,10:00-22:00,yes,,yes,,10:00 - 02:00,11:00 - 23:00,,,,,,,,,,,,,,,,,,,,,,,,,,,,,
28.6010154,77.0283599,,Polygon,"77.0283599,28.6010154,77.0298743,28.6000197,77.0308414,28.6011535,77.0293269,28.6021492,77.0283599,28.6010154",way/209492487,,,Vegas Mall,,mall,commercial,,,,,Internal road,,,"Dwarka, New Delhi",110078,,,,,,,,,,,,,,,,,,,,,,,,,,,,,,,,,,,,,
28.5902584,77.0282272,,Polygon,"77.0282272,28.5902584,77.0288483,28.5909972,77.0279148,28.5916023,77.0272937,28.5908636,77.0282272,28.5902584",way/209494684,police,,,,,,,,,,,wall,,,,,,,,,,,,,,,,,,,,,,,,,,,,,,,,,,,,,,,,
28.6930214,77.173503,,Polygon,"77.173503,28.6930214,77.1722354,28.6942273,77.1710939,28.6933039,77.1719222,28.692516,77.1723032,28.6928242,77.1727425,28.6924063,77.173503,28.6930214",way/221528647,marketplace,,Central Market Ashok Vihar,,,,,,,,,,,,,,,,,,,,,local,,,,,,,,,,,,,,,,,,,,,,,,,,,,
28.6908166,77.1639466,,Polygon,"77.1639466,28.6908166,77.1640668,28.6905772,77.1647022,28.6908225,77.164582,28.6910619,77.1639466,28.6908166",way/221529938,marketplace,,D-Block Market,,,,,,,,,,,,,,,,,,,,,,,,,,,,,,,,,,,,,,,,,,,,,,,,,
28.5676988,77.1941926,,Polygon,"77.1941926,28.5676988,77.1942256,28.5675886,77.1947257,28.567704,77.1946201,28.5680567,77.1944861,28.5680258,77.1945587,28.5677833,77.1941926,28.5676988",way/234096675,,yes,,,mall,,,,,,,,,,,,,,,,,,,,,,,,,,,,,,,,,,,,,,,,,,,,,,,
28.523034,77.2144937,,Polygon,"77.2144937,28.523034,77.2143666,28.5225463,77.2152426,28.5223524,77.2153429,28.5228636,77.2144937,28.523034",way/239636989,marketplace,,J Block Market,,,,,,,,,,,,,,,,,,,,,,,,,,,,,,,,,,,,,,,,,,,,,,,,,
28.5231403,77.2082238,,Polygon,"77.2082238,28.5231403,77.2084228,28.5231008,77.2085536,28.5236092,77.2083545,28.5236487,77.2082238,28.5231403",way/239641074,police,yes,Saket Police Station,,,,,,,,,,,,,,,,,,,,,,,,,,,,,,,,,,,,,,,,,,,,,,,,,
28.5622469,77.2672866,,Polygon,"77.2672866,28.5622469,77.2673286,28.5621895,77.2678196,28.562467,77.2675341,28.5628566,77.2670432,28.5625791,77.2672866,28.5622469",way/258246547,police,,New Friends Colony PS,,,,,,,,,,,,,,,,,,,,,,,,,,,,,,,,,,,,,,,,,,,,,,,,,
28.6741702,77.2847604,,Polygon,"77.2847604,28.6741702,77.2857001,28.6744096,77.2853592,28.6754376,77.2844162,28.6751914,77.2847604,28.6741702",way/259024069,police,,,,,,,,,,,,,,,,,,,,,,,,,,,,,,,,,,,,,,,,,,,,,,,,,,,
28.6852521,77.2016848,,Polygon,"77.2016848,28.6852521,77.2015802,28.6849297,77.2027086,28.6846438,77.2027335,28.6847556,77.2022802,28.685365,77.2021864,28.6853109,77.2020415,28.6852662,77.2019181,28.6852474,77.2018296,28.6852474,77.2016848,28.6852521",way/259036535,police,,,,,,,,,,,,,,,,,,,,,,,,,,,,,,,,,,,,,,,,,,,,,,,,,,,
28.6118563,77.076635,,Polygon,"77.076635,28.6118563,77.0766194,28.6115515,77.0769906,28.6115333,77.077011,28.6118404,77.076635,28.6118563",way/260463358,police,,,,,,,,,,,,,,,,,,,,,,,,,,,,,,,,,,,,,,,,,,,,,,,,,,,
28.5311649,77.265937,,Polygon,"77.265937,28.5311649,77.265284,28.5310265,77.2654414,28.5304733,77.2660897,28.5306175,77.265937,28.5311649",way/262248695,police,,,,,,,,,,,,,,,,,,,,,,,,,,,,,,,,,,,,,,,,,,,,,,,,,,,
28.6311039,77.0684705,,Polygon,"77.0684705,28.6311039,77.0685983,28.6325467,77.0677177,28.6326009,77.0676025,28.6311594,77.0684705,28.6311039",way/262562931,,yes,Reliance Mall,,mall,,,,,,Guru Virjanand Marg,,Reliance Retail,"Vikaspuri, New Delhi",110018,,,,,,,,,,,,,,,,,,,,,,,,,,,,,,,,,,,,,
28.6303268,77.0675466,,Polygon,"77.0675466,28.6303268,77.0675302,28.6298903,77.0676217,28.6297335,77.0683911,28.6300303,77.0684156,28.6302656,77.0675466,28.6303268",way/262562939,police,,,,,,,,,,,,,,,,,,,,,,,,,,,,,,,,,,,,,,,,,,,,,,,,,,,
28.6517755,77.0877869,,Polygon,"77.0877869,28.6517755,77.0870678,28.6508396,77.0872555,28.6508302,77.0872555,28.6506419,77.0879207,28.6506137,77.0879368,28.6507502,77.0890582,28.6507069,77.0887039,28.6499734,77.0910106,28.6497663,77.091252,28.6506984,77.0910213,28.65172,77.0877869,28.6517755",way/262719287,marketplace,,Ch Chait Ram Subzi Mandi,,,,,,,,,,,,,,,,,,,,,,,,,,,,,,,,,,,,,,,,,,,,,,,,,
28.6428225,77.1050653,,Polygon,"77.1050653,28.6428225,77.1049086,28.6426036,77.105088,28.6424991,77.1053914,28.6422646,77.1055202,28.642048,77.1058206,28.6418597,77.1066574,28.641436,77.1068677,28.6415231,77.1071145,28.6417208,77.1072647,28.6419186,77.1073183,28.6421069,77.1073183,28.6423234,77.1067926,28.6434534,77.1050653,28.6428225",way/265166888,,,Pacific Mall,,mall,retail,,,,,,,,,,,,,,,,,,,,,,,,,,,,,,,,,,,,,,,,,,,,,,
28.5390981,77.2612353,,Polygon,"77.2612353,28.5390981,77.2616234,28.5389841,77.2617868,28.5394062,77.2614093,28.539528,77.2612353,28.5390981",way/265732516,marketplace,,Subzi Mandi,,,,,,,,,,,,,,,,,,,,,,,,,,,,,,,,,,,,,,,,,,,,,,,,,
28.5634702,77.231908,,Polygon,"77.231908,28.5634702,77.2326158,28.5633278,77.2332415,28.5644039,77.2334248,28.5648715,77.233375,28.5650269,77.2333363,28.5651548,77.2331261,28.5652799,77.232914,28.5653251,77.2326826,28.5653521,77.232145,28.5653535,77.232093,28.5650786,77.2320539,28.5648749,77.2320227,28.5648666,77.2319954,28.5645848,77.2320669,28.5645706,77.231908,28.5634702",way/265763300,police,,,,,,,,,,,,,,,,,,,,,,,,,,,,,,,,,,,,,,,,,,,,,,,,,,,
28.6687458,77.1830756,,Polygon,"77.1830756,28.6687458,77.1840619,28.6684113,77.184293,28.668936,77.1833067,28.6692705,77.1830756,28.6687458",way/265911418,police,yes,,,,,,,,,,,,,,,,,,,,,,,,,,,,,,,,,,,,,,,,,,,,,,,,,,
28.6416838,77.241631,,Polygon,"77.241631,28.6416838,77.2419153,28.6417121,77.2419045,28.6422158,77.2407619,28.6421593,77.2408156,28.6413213,77.2416739,28.641246,77.241631,28.6416838",way/266768715,police,yes,Daryaganj Police Station,,,,,,,,,,Delhi Police,,,,,,,,,,,,,,,,,,,,,,,,,,,,,,,,,,,,,,,
28.6565081,77.1210279,,Polygon,"77.1210279,28.6565081,77.1218333,28.6558153,77.1230393,28.656794,77.122277,28.6575258,77.1210279,28.6565081",way/277949819,police,,Nishkam Seva Bhawan,,,,,,,,,wall,,,,,,,,,,,,,Home Gaurds,,,,,,,,,,,,,,,,,,,,,,,,,,,
28.564412,77.058711,,Polygon,"77.058711,28.564412,77.0585408,28.5645258,77.0590428,28.5651054,77.0584983,28.5654693,77.0577495,28.5646048,77.0584643,28.5641272,77.058711,28.564412",way/279962774,police,,,,,,,,,,,wall,,,,,,,,,,,,,,,,,,,,,,,,,,,,,,,,,,,,,,,,
28.6223117,77.3401041,,Polygon,"77.3401041,28.6223117,77.3401617,28.622204,77.3402017,28.6225952,77.340372,28.6236302,77.3395658,28.6240192,77.3399489,28.6231599,77.340029,28.6225139,77.3401041,28.6223117",way/283784907,police,,,,,,,,,,,wall,,,,,,,,,,,,,,,,,,,,,,,,,,,,,,,,,,,,,,,,
28.6637973,77.2861068,,Polygon,"77.2861068,28.6637973,77.2864593,28.6639533,77.2866914,28.6643103,77.2870591,28.6644822,77.2867456,28.6653839,77.2864232,28.665212,77.2862122,28.6650772,77.2858355,28.6648841,77.2854649,28.6647017,77.2861068,28.6637973",way/287500331,police,,,,,,,,,,,wall,,,,,,,,,,,,,,,,,,,,,,,,,,,,,,,,,,,,,,,,
28.6871641,77.155549,,Polygon,"77.155549,28.6871641,77.1555483,28.6870688,77.1554497,28.6870688,77.1554504,28.6870053,77.15562,28.6870029,77.1556442,28.6871623,77.155549,28.6871641",way/288920358,marketplace,yes,C2 Market,,,,,,,,,,,,,,,,,,,,,,,,,,,,,,,,,,,,,,,,,,,,,,,,,
28.6419713,77.2263431,,Polygon,"77.2263431,28.6419713,77.2266595,28.6424657,77.2266354,28.6425598,77.2264396,28.642694,77.2264852,28.642767,77.2258966,28.6430669,77.225475,28.6424195,77.2263431,28.6419713",way/289961816,police,,,,,,,,,,,wall,,,,,,,,,,,,,,,,,,,,,,,,,,,,,,,,,,,,,,,,
28.7068226,77.2241053,,Polygon,"77.2241053,28.7068226,77.2245829,28.7066241,77.2247988,28.7071572,77.2246509,28.7072053,77.224379,28.7072936,77.2241053,28.7068226",way/290136040,police,,,,,,,,,,,wall,,,,,,,,,,,,,,,,,,,,,,,,,,,,,,,,,,,,,,,,
28.6113734,77.0859626,,Polygon,"77.0859626,28.6113734,77.0862881,28.6113315,77.0865907,28.6115614,77.0861723,28.6117922,77.0860197,28.6116323,77.0859626,28.6113734",way/290681556,marketplace,,,,,,,,,,,,,,,,,,,,,,,,,,,,,,,,,,,,,,,,,,,,,,,,,,,
28.6918158,77.1576824,,Polygon,"77.1576824,28.6918158,77.1578039,28.691576,77.1576583,28.6914747,77.1576851,28.6914559,77.1576055,28.6913477,77.1577012,28.6912959,77.1577951,28.6914111,77.1578388,28.6914466,77.1578756,28.6914676,77.1580105,28.6915195,77.1578281,28.6918654,77.1576824,28.6918158",way/290765609,marketplace,,C7 Market,,,,,,,,,,,,,,,,,,,,,,,,,,,,,,,,,,,,,,,,,,,,,,,,,
28.5329618,77.2192639,,Polygon,"77.2192639,28.5329618,77.2190877,28.5329597,77.2190808,28.5328371,77.2199004,28.53269,77.2198935,28.5329293,77.2194562,28.5329638,77.2194516,28.5328592,77.2192593,28.5328753,77.2192639,28.5329618",way/291621843,police,,,,,,,,,,,wall,,,,,,,,,,,,,,,,,,,,,,,,,,,,,,,,,,,,,,,,
28.6258839,77.0649369,,Polygon,"77.0649369,28.6258839,77.064497,28.6257132,77.064812,28.6250877,77.0652519,28.6252584,77.0649369,28.6258839",way/291623401,police,,,,,,,,,,,wall,,,,,,,,,,,,,,,,,,,,,,,,,,,,,,,,,,,,,,,,
28.706908,77.2039121,,Polygon,"77.2039121,28.706908,77.2044248,28.7068986,77.2044332,28.7072545,77.2039205,28.7072639,77.2039121,28.706908",way/292511169,police,,,,,,,,,,,wall,,,,,,,,,,,,,,,,,,,,,,,,,,,,,,,,,,,,,,,,
28.6537727,77.2102127,,Polygon,"77.2102127,28.6537727,77.2110691,28.6537119,77.2112576,28.6542518,77.210221,28.6545485,77.2102127,28.6537727",way/293158433,police,,,,,,,,,,,wall,,,,,,,,,,,,,,,,,,,,,,,,,,,,,,,,,,,,,,,,
28.625422,77.2443217,,Polygon,"77.2443217,28.625422,77.2449974,28.6247969,77.2449569,28.6254362,77.2443217,28.625422",way/293395747,police,,,,,,,,,,,wall,,,,,,,,,,,,,,,,,,,,,,,,,,,,,,,,,,,,,,,,
28.6458261,77.2086861,,Polygon,"77.2086861,28.6458261,77.2085398,28.6451687,77.2086888,28.6451391,77.2093511,28.6450243,77.2094686,28.6455139,77.2094529,28.6455615,77.2094338,28.6455984,77.209407,28.6456329,77.2093712,28.6456696,77.2093282,28.6457037,77.2086861,28.6458261",way/293526551,police,,,,,,,,,,,wall,,,,,,,,,,,,,,,,,,,,,,,,,,,,,,,,,,,,,,,,
28.5778468,77.2594187,,Polygon,"77.2594187,28.5778468,77.2595771,28.5776216,77.2603941,28.5780999,77.2598906,28.5783307,77.2594187,28.5778468",way/294119235,police,,,,,,,,,,,wall,,,,,,,,,,,,,,,,,,,,,,,,,,,,,,,,,,,,,,,,
28.8526692,77.0876794,,Polygon,"77.0876794,28.8526692,77.0882663,28.8527562,77.0885145,28.8535627,77.0879954,28.853456,77.0874041,28.8535311,77.0876794,28.8526692",way/294127508,police,,,,,,,,,,,wall,,,,,,,,,,,,,,,,,,,,,,,,,,,,,,,,,,,,,,,,
28.5921602,77.2441705,,Polygon,"77.2441705,28.5921602,77.2440138,28.5923781,77.2439512,28.5924488,77.2438529,28.5925331,77.2437478,28.5926038,77.2435288,28.5926843,77.243317,28.5920852,77.2437058,28.5918021,77.2441705,28.5921602",way/294235756,police,,Hazrat Nizamuddin Police Station,,,,,,,,,wall,,,,,,,,,,,,,,,,,,,,,,,,,,,,,,,,,,,,,,,,
28.5705364,77.178161,,Polygon,"77.178161,28.5705364,77.1786133,28.5703698,77.1788078,28.5705278,77.1790364,28.5706047,77.1793137,28.5706944,77.179659,28.5708097,77.1800189,28.570908,77.1793039,28.571506,77.1789829,28.5718562,77.178161,28.5705364",way/294524907,police,,,,,,,,,,,wall,,,,,,,,,,,,,,,,,,,,,,,,,,,,,,,,,,,,,,,,
28.6129735,77.0981147,,Polygon,"77.0981147,28.6129735,77.0982152,28.6127776,77.0984588,28.6129032,77.0984026,28.6130169,77.098343,28.6129855,77.0982987,28.6130588,77.0981147,28.6129735",way/299605651,marketplace,yes,Vikas Surya Plaza,,,,,,,,,,,,,,,,,,,,,,,,,,,,,,,,,,,,,,,,,,,,,,,,,
28.615936,77.0947019,,Polygon,"77.0947019,28.615936,77.0942691,28.6157502,77.094402,28.6154425,77.0948374,28.6155653,77.0947019,28.615936",way/299605875,marketplace,yes,Kadimi Market,,,,,,,,,,,,,,,,,,,,,,,,,,,,,,,,,,,,,,,,,,,,,,,,,
28.6371046,77.2854505,,Polygon,"77.2854505,28.6371046,77.2858713,28.6364517,77.2866186,28.6368292,77.287,28.6370176,77.2875214,28.6372746,77.2873424,28.6375474,77.2872263,28.6377205,77.2871522,28.6378278,77.2870591,28.6379473,77.2868455,28.638042,77.2866661,28.6380656,77.2864809,28.6380481,77.2863352,28.6379867,77.2861995,28.6379068,77.2861166,28.637822,77.2860285,28.6376744,77.285985,28.6375288,77.2859665,28.6373903,77.2854505,28.6371046",way/302534538,,,V3S Mall,,mall,,,,,,,,,,,,,yes,,yes,,,,,,,,,,,,,,,,,,,,,,,,,,,,,,,,
28.6151864,77.2210684,,Polygon,"77.2210684,28.6151864,77.2210807,28.6151353,77.2211885,28.6151552,77.2211762,28.6152063,77.2210684,28.6151864",way/317061783,toilets,yes,,,,,,,,,,,,,,,,,,,,,,,,private,,,,,,,,,,,,,,,,,,,,,,,,,,
28.6593308,77.2234538,,Polygon,"77.2234538,28.6593308,77.2234781,28.6596023,77.2225134,28.6596878,77.2223965,28.6594206,77.2234538,28.6593308",way/320348672,marketplace,,,,,,,,,,,,,,,,,,,,,,,,,,,,,,,,,,,,,,,,,,,,,,,,,,,
28.5845507,77.1789984,,Polygon,"77.1789984,28.5845507,77.178739,28.5846578,77.1786843,28.5845557,77.1789437,28.5844486,77.1789984,28.5845507",way/348215834,marketplace,,Begum Zaidi Market  Moti Bagh - North Facing,,,,,,,,,,,,,,,,,,,,,,,,,,,,,,,,,,,,,,,,,,,,,,,,,
28.5843673,77.1787605,,Polygon,"77.1787605,28.5843673,77.1786343,28.5841212,77.1787461,28.584077,77.1788722,28.5843232,77.1787605,28.5843673",way/348215855,marketplace,,Begum Zaidi Market Moti Bagh - North Facing,,,,,,,,,,,,,,,,,,,,,,,,,,,,,,,,,,,,,,,,,,,,,,,,,
28.5817067,77.1790847,,Polygon,"77.1790847,28.5817067,77.1783276,28.5813723,77.1783805,28.5812798,77.1791377,28.5816143,77.1790847,28.5817067",way/348215988,marketplace,,Basrurkar Maket,,,,,,,,,,,,,,,,,,,,,,,,,,,,,,,,,,,,,,,,,,,,,,,,,
28.5845423,77.1786318,,Polygon,"77.1786318,28.5845423,77.1783026,28.5838654,77.1784355,28.5838156,77.1787647,28.5844925,77.1786318,28.5845423",way/348216219,marketplace,,Beguz Zaidi Market Moti Bagh south facing,,,,,,,,,,,,,,,,,,,,,,,,,,,,,,,,,,,,,,,,,,,,,,,,,
28.6029032,77.1956196,,Polygon,"77.1956196,28.6029032,77.1956606,28.6028329,77.1958593,28.6029222,77.1960092,28.6026651,77.1957015,28.6025268,77.1957384,28.6024635,77.1960992,28.6026256,77.1964066,28.6027638,77.1963652,28.6028348,77.1960368,28.6026873,77.1959917,28.6027648,77.1960671,28.6027986,77.1959953,28.6029216,77.1959569,28.6029044,77.195931,28.6029488,77.1961094,28.603029,77.1961694,28.602926,77.1962508,28.6029626,77.1961471,28.6031403,77.1956196,28.6029032",way/348459728,police,yes,Police Station Chankyapuri,,,,,,,Police Station Chankyapuri,Teen Murti Marg,,Delhi Police,New Delhi,110011,,,,,,,,,,,,,,,,,,,,,,,,,,,,,,,,,,,,,
28.6008754,77.3157902,,Polygon,"77.3157902,28.6008754,77.3161007,28.6006622,77.3162618,28.6008497,77.3166273,28.6008651,77.3168328,28.6011081,77.3162513,28.6014842,77.3157902,28.6008754",way/349706443,marketplace,yes,Plaza Market,,,,,,,,,,,,,,,,,,,,,,,,,,,,,,,,,,,,,,,,,,,,,,,,,
28.7123005,77.1356298,,Polygon,"77.1356298,28.7123005,77.135967,28.7120437,77.1361575,28.7122616,77.136303,28.712428,77.1359748,28.7126637,77.1358031,28.712483,77.1356298,28.7123005",way/349778812,,yes,PVR Unity Mall,,mall,,,,,,"Vaishno Mata Mandir Road, Prashant Vihar",,,Delhi,110085,,,,,,,,,,,,,,,,,,,,,,,,,,,,,,,,,,,,,
28.7144726,77.1289005,,Polygon,"77.1289005,28.7144726,77.1294022,28.7141371,77.1297862,28.7145788,77.1292844,28.7149143,77.1289005,28.7144726",way/349824167,,yes,North Ex Mall,,mall,,,,,,Sector 9 Rohini,,,Delhi,110085,,Mo-Su 11:00-23:00,,,,,,,,,,,,,,,,,,,,,,,,,,,,,,,,,,,
28.712122,77.1163496,,Polygon,"77.1163496,28.712122,77.1164676,28.7120469,77.1165007,28.7120869,77.1165202,28.7120745,77.1164871,28.7120345,77.1166071,28.7119581,77.11666,28.7120219,77.1166828,28.7120074,77.1166299,28.7119435,77.1167098,28.7118927,77.1168663,28.7120818,77.1167845,28.7121339,77.1166911,28.7120211,77.1165422,28.7121159,77.1166355,28.7122287,77.1165061,28.7123111,77.1163496,28.712122",way/350856213,marketplace,yes,,,,,,,,,,,,,,,,,,,,,,,,,,,,,,,,,,,,,,,,,,,,,,,,,,
28.6840259,77.159775,,Polygon,"77.159775,28.6840259,77.1596061,28.6841336,77.1595234,28.6840338,77.1595862,28.6839938,77.1593542,28.6837138,77.1594604,28.6836462,77.159775,28.6840259",way/351053579,police,yes,Keshav Puram Police Station,,,,,,,,,,,,,,,,,,,,,,,,,,,,,,,,,,,,,,,,,,,,,,,,,
28.6999827,77.2090515,,Polygon,"77.2090515,28.6999827,77.2089615,28.700016,77.2089446,28.6999808,77.2089275,28.6999871,77.2089445,28.7000223,77.2088033,28.7000746,77.2087862,28.7000393,77.2087599,28.700049,77.208738,28.7000034,77.2087626,28.6999943,77.2087545,28.6999773,77.2090043,28.6998848,77.2090515,28.6999827",way/351080768,police,yes,Mukherjee Nagar police station,,,,,,,,,,,,,,,,,,,,,,,,,,,,,,,,,,,,,,,,,,,,,,,,,
28.6298961,77.2139977,,Polygon,"77.2139977,28.6298961,77.2141142,28.629697,77.2143745,28.6298145,77.2142579,28.6300135,77.2139977,28.6298961",way/351374286,police,yes,Police Station Connaught Place,,,,,,,,,,,,,,,,,,,,,,,,-9394,,,,,,,,,,,,,,,,,,,,,,,,,
28.681742,77.2783494,,Polygon,"77.2783494,28.681742,77.2786837,28.6817381,77.2786863,28.6819083,77.2786063,28.6819093,77.2786049,28.6818176,77.2785713,28.681818,77.2785727,28.6819097,77.2784894,28.6819107,77.2784881,28.6818211,77.2784668,28.6818214,77.2784673,28.6818528,77.2784115,28.6818534,77.2784109,28.681816,77.2783505,28.6818167,77.2783494,28.681742",way/351420294,police,yes,Welcome Police Station,,,,,,,,,,,,,,,,,,,,,,,,,,,,,,,,,,,,,,,,,,,,,,,,,
28.6180718,77.2354721,,Polygon,"77.2354721,28.6180718,77.2352914,28.617816,77.235532,28.6176851,77.2357127,28.6179408,77.2354721,28.6180718",way/351603877,police,,Police Station Tilak Marg,,,,,,,,,,,,,,,,,,,,,,,,+91-11-2338-5571;+91-11-2338-2100,New Delhi,,,,,,,,,,,,,,,,,,,,,,,,
28.6287391,77.242655,,Polygon,"77.242655,28.6287391,77.2426634,28.6286337,77.2427011,28.628636,77.2427053,28.6285839,77.2426675,28.6285816,77.2426759,28.628475,77.2428661,28.6284866,77.2428901,28.6283575,77.2432337,28.6283791,77.2432127,28.628645,77.2430338,28.6286341,77.2430237,28.6287616,77.242655,28.6287391",way/351787579,police,yes,Delhi Police Headquarters;दिल्ली पुलिस मुख्यालय,,,,,,,,Indra Prasth Marg,,,,110095,,,,,,,,,,,,+91 11 2349 0010,,Delhi Police headquarters,दिल्ली पुलिस मुख्यालय,,,,,,,,,,,,,,,,,,,,,,
28.6556192,77.3011359,,Polygon,"77.3011359,28.6556192,77.3018926,28.6562396,77.3016191,28.6564964,77.3014294,28.6563409,77.3015856,28.6561942,77.3014825,28.6561097,77.3013263,28.6562564,77.3011409,28.6561043,77.3013009,28.6559541,77.3012412,28.6559051,77.3012053,28.6559389,77.3010867,28.6558417,77.3011002,28.655829,77.3010285,28.6557702,77.3010059,28.6557914,77.3010679,28.6558423,77.3010515,28.6558576,77.3011283,28.6559206,77.3010297,28.6560132,77.3008624,28.655876,77.3011359,28.6556192",way/352253720,,yes,Aditya Mega Mall,,mall,,,,,Aditya Mega Mall,Maharaj Surajmal Marg,,,"Karkardooma, Delhi",,,,,,,,,,,,,,,,,,,,,,,,,,,,,,,,,,,,,,
28.6307673,77.215802,,Polygon,"77.215802,28.6307673,77.2159786,28.6304627,77.2162049,28.6305637,77.2160982,28.6307479,77.2162701,28.6308246,77.2162003,28.6309451,77.2159156,28.630818,77.215802,28.6307673",way/352432537,marketplace,,Mohan Singh Place,,,,,,,,,,,,,,,,,,,,,,,,,,,,,,,,,,,,,,,,,,,,,,,,,
28.5262226,77.2169919,,Polygon,"77.2169919,28.5262226,77.2170446,28.526045,77.217329,28.5261101,77.2172226,28.5264685,77.2170489,28.5264287,77.2171026,28.5262479,77.2169919,28.5262226",way/353149198,police,yes,Police Station Saket,,,,,,,,,,,,,,,,,,,,,,,,,,,,,,,,,,,,,,,,,,,,,,,,,
28.5580864,77.1687662,,Polygon,"77.1687662,28.5580864,77.1690474,28.5578542,77.1692202,28.5580157,77.1691186,28.5580996,77.1690436,28.5580294,77.1688639,28.5581777,77.1687662,28.5580864",way/354461865,police,yes,Police Station Vasant Vihar,,,,,,,,,,Delhi Police,,,,,,,,,,,,,,,,,,,,,,,,,,,,,,,,,,,,,,,
28.6582739,77.3026534,,Polygon,"77.3026534,28.6582739,77.3025089,28.6577705,77.3022785,28.6573186,77.3016958,28.6565773,77.3019748,28.6563437,77.3024502,28.6569301,77.3028206,28.6575881,77.3029606,28.6579211,77.3030138,28.658286,77.3026534,28.6582739",way/354825513,,yes,Cross River Mall,,mall,,,,,Cross River Mall,Maharaj Surajmal Marg,,,"Karkardooma, Delhi",,,Mo-Su 10:00-22:00,,,,,,,,,,,,,क्रॉस रिवर मॉल,,,,,,,,,,,,,,,,,,,,,,
28.55465,77.2321756,,Polygon,"77.2321756,28.55465,77.2321587,28.5541429,77.2325422,28.5541046,77.2325428,28.5546813,77.2321756,28.55465",way/408878239,police,,Police Station G.K. - 1,,,,,,,,,,Govt of India,,,,,,,,,,,,,,,,,,,,,,,,,,,,,,,,,,,,,,,
28.6044301,76.985276,,Polygon,"76.985276,28.6044301,76.985276,28.6043877,76.9852951,28.6043877,76.9852951,28.6044301,76.985276,28.6044301",way/438626423,toilets,yes,,,,,,,,,,,,,,,,,,,,,,,,,,,,,room,0,yes,,,,,,,,,,,,,,,,,,,
28.629166,77.2178069,,Polygon,"77.2178069,28.629166,77.217831,28.6290365,77.2185257,28.6290247,77.2192741,28.6289423,77.2192901,28.6290907,77.2185069,28.6291613,77.2178069,28.629166",way/442156777,marketplace,,Janpath Market,,,,,,,,,,,,,,,,,,,,,,,,+91 11 2335 6080,,,,,,,,,,,,,,,,,,,,,,,,,
28.6279321,77.3077047,,Polygon,"77.3077047,28.6279321,77.3078911,28.6275116,77.307897,28.6274936,77.3083284,28.627642,77.3092645,28.6279477,77.3090727,28.6283897,77.3077047,28.6279321",way/446160631,marketplace,,Atlantic Arcade,,,,,,,,,,,Delhi,110092,,,,,,,,,,,,,,,,,,,,,,,,,,,,,,,,,,,,,
28.493175,77.2658026,,Polygon,"77.2658026,28.493175,77.2657959,28.4931997,77.2657806,28.4932213,77.2657584,28.4932375,77.2657314,28.4932467,77.2657026,28.4932479,77.2656747,28.493241,77.2656508,28.4932268,77.2656323,28.4932052,77.2656232,28.4931793,77.2656245,28.4931523,77.2656361,28.4931272,77.2656566,28.493107,77.2656836,28.493094,77.265714,28.4930898,77.2657443,28.4930949,77.2657694,28.4931075,77.2657887,28.4931264,77.2658001,28.4931497,77.2658026,28.493175",way/484401841,toilets,yes,Asola Toilets,,,,,,,,,,,,,,,,,,,,,,,permissive,,,,,,,,no,flush,,,,,,,,,,,,,,,,,
28.6289465,77.0769319,,Polygon,"77.0769319,28.6289465,77.0753848,28.6282983,77.0754444,28.6281846,77.075508,28.6280726,77.0757318,28.6281141,77.0760853,28.6281221,77.0762207,28.6279869,77.0763578,28.628147,77.0765502,28.6283543,77.0766124,28.6284672,77.0767068,28.6285606,77.0769625,28.6289075,77.0769319,28.6289465",way/488174458,,yes,Unity One Mall,,mall,,,,,,,,,,,,,,,,,,,,,,,,,,,,,,,1,,,,,,,,,,,,,,,,
28.5361219,77.222382,,Polygon,"77.222382,28.5361219,77.2223137,28.5361218,77.222277,28.5361221,77.2222655,28.5361061,77.222241,28.5360724,77.2222164,28.5360192,77.2222972,28.5360208,77.2223771,28.5360264,77.2223798,28.536071,77.222382,28.5361219",way/507527928,toilets,civic,Sulabh complex,,,,,,,,,fence,,,,,,,,,,,,,,,,,,,,,,,,,,,,,,,,,,,,,,,,
28.5363534,77.2211365,,Polygon,"77.2211365,28.5363534,77.2212489,28.5363579,77.2212501,28.536411,77.2211155,28.5364078,77.2211365,28.5363534",way/508095757,toilets,civic,,,,,,,,,,fence,,,,,,,,,,,,,,,,,,,,,,,,,"Toilet under construction, to be opened in 1-3 months",,,,,,,,,,,,,,,
28.5984325,77.0324764,,Polygon,"77.0324764,28.5984325,77.0334843,28.5978117,77.0336943,28.5980635,77.0344399,28.5976114,77.0346547,28.5979051,77.0329616,28.5990141,77.0324764,28.5984325",way/531406686,,yes,Reliance Mall,,mall,,,,,,Internal road,,Reliance Retail,,110075,,,,,,,,,,,,,,,,,,,,,,,,,,,,,,,,,,,,,
28.5439571,77.229825,,Polygon,"77.229825,28.5439571,77.2298575,28.5439101,77.229908,28.5438775,77.2299689,28.5438645,77.2300308,28.5438729,77.2301836,28.5439215,77.2300446,28.5441809,77.2299209,28.544138,77.2298673,28.5441094,77.2298303,28.544065,77.2298154,28.5440115,77.229825,28.5439571",way/549313848,marketplace,yes,,,,,,,,,,,,,,,,,,,,,,,,,,,,,,,,,,,,,,,,,,,,,,,,,,
28.5303614,77.3189458,,Polygon,"77.3189458,28.5303614,77.3189843,28.5304149,77.3190629,28.5305272,77.3192051,28.530572,77.3192373,28.5306238,77.318725,28.5308972,77.3186767,28.5309584,77.3185936,28.5308854,77.318387,28.5306757,77.3185611,28.5305749,77.3189458,28.5303614",way/549601175,police,,,,,,,,,,,,,,,,,,,,,,,,,,,,,,,,,,,,,,,,,,,,,,,,,,,
28.5476982,77.225246,,Polygon,"77.225246,28.5476982,77.2252622,28.5476884,77.2252819,28.5476871,77.2252996,28.5476946,77.2253107,28.5477089,77.2253122,28.5477262,77.2253036,28.5477418,77.2252874,28.5477515,77.2252677,28.5477528,77.22525,28.5477453,77.2252389,28.547731,77.2252374,28.5477138,77.225246,28.5476982",way/557373741,toilets,,,,,,,,,,,,,,,,,,,,,,,,,,,,,,,,,no,,,,,,,,,,,,,,,,,,
28.6161111,77.2354314,,Polygon,"77.2354314,28.6161111,77.2354646,28.6160471,77.235499,28.6160609,77.2354658,28.6161249,77.2354314,28.6161111",way/562202338,toilets,,,,,,,,,,,,,,,,,,,,,,,,,,,,,,,,,no,,,,,,,,,,,,,,,,,,
28.5203696,77.2115421,,Polygon,"77.2115421,28.5203696,77.2115163,28.5202155,77.2116932,28.5200943,77.2117351,28.5203447,77.2115421,28.5203696",way/573448974,marketplace,,,,,,,,,,,,,,,,,,,,,,,,,,,,,,,,,,,,,,,,,,,,,,,,,,,
28.5570152,77.2327896,,Polygon,"77.2327896,28.5570152,77.2327092,28.5563873,77.2326869,28.5561154,77.233621,28.5562513,77.2337781,28.5564412,77.2338493,28.5568135,77.2327896,28.5570152",way/586013154,marketplace,,N Block Market,,,,,,,,,,,,,,,,,,,,,,,,,,,,,,,,,,,,,,,,,,,,,,,,,
28.6252972,77.2331391,,Polygon,"77.2331391,28.6252972,77.2332039,28.6252932,77.2332071,28.6253623,77.2331422,28.6253646,77.2331391,28.6252972",way/661339325,toilets,public,,,,,,,,,,,,,,,,,,,,,,,,,,,,,,,,yes,,,,,,,,,,,,,,,,,,
28.6750792,77.2887461,,Polygon,"77.2887461,28.6750792,77.28814,28.6754395,77.2878777,28.6755954,77.287819,28.6755323,77.2876232,28.6753218,77.2879137,28.6750405,77.2880123,28.6749715,77.288124,28.6748934,77.2887461,28.6750792",way/691053470,,yes,Vikas Mall,,mall,,,,,Vikas Mall,GT Road,,,,110032,,,,,,,,,,,,,,,,,,,,,,,,,,,,,,,,,,,,,
28.696136,77.2908095,,Polygon,"77.2908095,28.696136,77.2915551,28.696136,77.2915551,28.6963948,77.2912708,28.6964042,77.2912493,28.6966395,77.2907934,28.6966395,77.2908095,28.696136",way/692373019,police,yes,Jyoti Nagar Police Station,,,,,,,C-324,Loni Road,,Delhi Police,"Kardam Puri, Shahdara",110093,,,,,,,,,,,,,,,,,,,,,,,,,,,,,,,,,,,,,
28.5150534,77.2052643,,Polygon,"77.2052643,28.5150534,77.2053685,28.5153126,77.2050864,28.5154001,77.2049848,28.5151342,77.2052643,28.5150534",way/724559424,marketplace,,,,,,,,,,,,,,,,Sa 19:00-22:00,,,,,,,,,,,,,,,,,,,,,Opening hours are a rough estimate.,,,,,,,,,,,,,,
28.5090438,77.3362559,,Polygon,"77.3362559,28.5090438,77.3362307,28.5084654,77.3363779,28.5084671,77.3363895,28.5090438,77.3362559,28.5090438",way/750505878,marketplace,shed,Nagar Mandi,,,,,,,Block F,"Jaitpur Extention Part 2, Kalandi Kunj Road",,Nagar,New Delhi,110044,,,,,,,,,,,,,,,,,,,,,,,,,,,,,,,,,,,,,
28.5990936,77.0699645,,Polygon,"77.0699645,28.5990936,77.0700231,28.5985337,77.0704667,28.5986094,77.070402,28.5990503,77.0705653,28.5991315,77.0704914,28.5992857,77.0699645,28.5990936",way/782307697,marketplace,,Vardhman Market,,,,,,,,,,,,,,,,,,,,,,,,,,,,,,,,,,,,,,,,,,,,,,,,,
28.5955533,77.0653525,,Polygon,"77.0653525,28.5955533,77.0648811,28.5958576,77.0644543,28.5953517,77.0646053,28.5952435,77.0647316,28.5954099,77.0650783,28.5952219,77.0653525,28.5955533",way/782387432,marketplace,,DDA Market,,,,,,,,,,,"Sector 6 Dwarka, New Delhi",110075,,,,,,,,,,,,,,,,,,,,,,,,,,,,,,,,,,,,,
28.712847,77.1361488,,Polygon,"77.1361488,28.712847,77.1359748,28.7126637,77.1358031,28.712483,77.1356298,28.7123005,77.1356183,28.7122884,77.135967,28.7120437,77.1361575,28.7122616,77.136303,28.712428,77.1364748,28.7126244,77.1361488,28.712847",way/849687469,,yes,PVR,,mall,,,,,,Vaishno Mata Mandir Road,,,Delhi,110085,,,,,,,,,,,,,,,,,,,,,,,,,,,,,,,,,,,,,
28.598172,77.2945288,,Polygon,"77.2945288,28.598172,77.2949579,28.597402,77.2954997,28.5976163,77.295092,28.5984146,77.2945207,28.5982144,77.2945288,28.598172",way/870335659,marketplace,,Samachar Market,,,,,,,,,,Delhi Development Authority (DDA),,,,"""it depends on the multiple shops""",,,,,,,,,,,,,,,,,,,,,,,,,,,,,,,,,,,
28.5498737,77.2509507,,Point,,node/495944530,toilets,,,,,,,,,,,,Eros,,,,,,,,,,,,,permissive,,,,,,,yes,no,,,,Part of commercial complex,yes,0,,,,,,,,,,,,
28.5290541,77.2195414,,Point,,node/544373930,,,Select Citywalk Mall,,mall,,,,,,Press Enclave Road,,,,,,,limited,,,Q7447639,,,,,,,,,,,,,,,,,,,,https://www.selectcitywalk.com/,,,,,,,,,,,
28.5283075,77.2167338,,Point,,node/544373931,,,DLF Courtyard Mall,,mall,,,,,,,,,,,,,,,,,,,,,,,,,,,,,,,,,,,,,,,,,,,,,,,
28.6573574,77.2359806,,Point,,node/616563795,marketplace,,Lajpat Rai Market,,,,,,,,,,,,,,,,,,,,,,,,,,,,,,,,,,,,,,,,,,,,,,,,,
28.6562633,77.2339013,,Point,,node/728707284,toilets,,,,,,,,,,,,,,,,,,,,,,,,,,,,,,,,,no,,,,,,,,,,,,,,,,,,
28.656727,77.2320207,,Point,,node/728707285,toilets,,,,,,,,,,,,,,,,,,,,,,,,,,,,,,,,,no,,,,,,,,,,,,,,,,,,
28.8055119,77.0256424,,Point,,node/762031782,police,,Bawana Police station,,,,,,,,,,,,,,,,,,,,,,,,,,,,,,,,,,,,,,,,,,,,,,,,,
28.6315203,77.2181565,,Point,,node/786590787,toilets,,,,,,,,,,,,,,,,,,,,,,,,,,,,,,,,,,,,,,,,,,,,,,,,,,,
28.6581315,77.2372143,,Point,,node/913282226,toilets,,,,,,,,,,,,,,,,,,,,,,,,,,,,,,,,,,,,,,,,,,,,,,,,,,,
28.662997,77.2228589,,Point,,node/913325795,toilets,,,,,,,,,,,,,,,,,,,,,,,,,,,,,,,,,,,,,,,,,,,,,,,,,,,
28.6263032,77.2061926,,Point,,node/943560039,toilets,,,,,,,,,,,,,,,,,,,,,,,,,,,,,,,,,no,,,,,,,,,,,,,,,,,,
28.7170924,77.1571367,,Point,,node/1014270982,police,,Shalimar Bagh Police Station,,,,,,,,,,,,,,,,,,,,,,,,,,,,,,,,,,,,,,,,,,,,,,,,,
28.6345193,77.1810077,,Point,,node/1157203547,police,,,,,,,,,,,,,,,,,,,,,,,,,,,,,,,,,,,,,,,,,,,,,,,,,,,
28.6301441,77.0682683,,Point,,node/1179280491,police,,Vikas Puri,,,,,,,,,,,,,,,,,,,,,,,,,,,,,,,,,,,,,,,,,,,,,,,,,
28.55052,77.25128,,Point,,node/1363483093,toilets,,,,,,,,,,,,,,,,,,,,,,,,,,,,,,,,,,,,,,,,,,,,,,,,,,,
28.6926738,77.1736276,,Point,,node/1402109581,police,,Ashok Vihar Police Station,,,,,,,,,,,,,,,,,,,,,local,,,,,,,,,,,,,,,,,,,,,,,,,,,,
28.6379089,77.1807881,,Point,,node/1669067086,marketplace,,Shankar Market,,,,,,,,,,,,,,,,,,,,,,,,,,,,,,,,,,,,,,,,,,,,,,,,,
28.5677083,77.1943724,,Point,,node/1740866645,marketplace,,Nauroji Nagar Market,,,,,,,,,,,,,,,,,,,,,,,,,,,,,,,,,,,,,,,,,,,,,,,,,
28.6098145,76.9828316,,Point,,node/1764309442,police,,Najafgarh Police Thana,,,,,,,,,,,,,,,,,,,,,,,,,,,,,,,,,,,,,,,Najafgarh Police Station,,,,,,,,,,
28.6126106,76.9867433,,Point,,node/1776071592,police,,Police Chowki,,,,,,,,,,,,,,,,,,,,,local_knowledge,,,,,,,,,,,,,,,,,,,,,,,,,,,,
28.6128676,76.9860871,,Point,,node/1776087404,toilets,,,,,,,,,,,,,,,,,,,,,,,,,,,,,,,,,,,,,,,,,,,,,,,,,,,
28.6130313,76.9836189,,Point,,node/1776798180,marketplace,,,,,,,,,,,,,,,,,,,,,,,,,,,,,,,,,,,,,,,,,,,,,,,,,,,
28.6124155,76.985467,,Point,,node/1792744375,toilets,,,,,,,,,,,,,,,,,,,,,,,,,,,,,,,,,,,,,,,,,,,,,,,,,,,
28.612147,76.9857942,,Point,,node/1792744388,toilets,,,,,,,,,,,,,,,,,,,,,,,,,,,,,,,,,,,,,,,,,,,,,,,,,,,
28.6163924,76.9836324,,Point,,node/1792988560,toilets,,,,,,,,,,,,,,,,,,,,,,,,,,,,,,,,,,,,,,,,,,,,,,,,,,,
28.5689166,77.2421596,,Point,,node/1796122204,marketplace,,Central Market,,,,,,,,,,,,,,,,,,,,,survey,,,,,Central Market,,,,,,,,,,,,,,,,,,,,,,,
28.5692816,77.2412693,,Point,,node/1796122206,marketplace,,,,,,,,,,,,,,,,,,,,,,,survey,,,,,,,,,,,,,,,,,,,,,,,,,,,,
28.5689873,77.2408267,,Point,,node/1796122219,marketplace,,Lajpat Nagar Central Market,,,,,,,,,,,,,,,,,,,,,survey,,,,,Lajpat Nagar Central Market,,,,,,,,,,,,,,,,,,,,,,,
28.5688506,77.2416474,,Point,,node/1796122220,marketplace,,,,,,,,,,,,,,,,,,,,,,,survey,,,,,,,,,,,,,,,,,,,,,,,,,,,,
28.5958543,76.9151778,,Point,,node/1810069059,police,,Jaffar Pur Police Station,,,,,,,,,,,,,,,,,,,,,,,,,,,,,,,,,,,,,,,,,,,,,,,,,
28.5556739,77.2021428,,Point,,node/1831954639,marketplace,,Green Park Market,,,,,,,,,,,,,,Tu off,,,,,,,Survey,,,,,,,,,,,,,,,,,,"Green Park Market, Green Park, New Delhi, India",,,,,,,,,,
28.5309328,77.2978924,,Point,,node/1861235131,marketplace,,"DDA Market, Pocket E",,,,,,,,,,,,,,,,,,,,,,,,,,,,,,,,,,,,,,,,,,,,,,,,,
28.5306718,77.2045562,,Point,,node/2004001910,police,,Police Station Malviya Nagar,,,,,,,,,,,,,,,,,,,,,,,,+91-11-2669-1861;+91-11-2669-1862,,,,,,,,,,,,,,,,-4452,,,,,,,,,
28.5609535,77.1598368,,Point,,node/2025440633,marketplace,,E Block Market,,,,,,,,,,,,,,,,,,,,,,,,,,,,,,,,,,,,,,,,,,,,,,,,,
28.6097133,77.0997911,,Point,,node/2136306864,police,,Hari Nagar Police Station,,,,,,,,Pankha Road,,,,,,,,,,,,,,,,,,,,,,,,,,,,,,,,,,,,,,,,,
28.6478735,77.180705,,Point,,node/2165822105,police,,Prasad Nagar Police Station,,,,,,,,,,,,,,,,,,,,,,,,,,,,,,,,,,,,,,,,,,,,,,,,,
28.6277103,77.2169307,,Point,,node/2323525287,toilets,,,,,,,,,,,,,,,,,,,,,,,,,,,,,,,,,,,,,,,,,,,,,,,,,,,
28.6323321,77.2207958,,Point,,node/2327524066,toilets,,,,,,,,,,,,,,,,,,,,,,,,,,,,,,,,,no,,,,,,,,,,,,,,,,,,
28.6335073,77.2205603,,Point,,node/2327524069,toilets,,,,,,,,,,,,,,,,,,,,,,,,,,,,,,,,,no,,,,,,,,,,,,,,,,,,
28.5649687,77.0584523,,Point,,node/2408446621,police,,Dwarka Ploce Station,,,,,,,,,,,,,,,,,,,,,,,,,,,,,,,,,,,,,,,,,,,,,,,,,
28.6356102,77.3002997,,Point,,node/2410795390,marketplace,,DDA Market,,,,,,,,,,,,,,,,,,,,,,,,,,,,,,,,,,,,,,,,,,,,,,,,,
28.6705878,77.1338365,,Point,,node/2440650643,marketplace,,Punjabi Bagh Central Market,,,,,,,,,,,,,,,,,,,,,,,,,,,,,,,,,,,,,,,,,,,,,,,,,
28.6785602,77.1003075,,Point,,node/2445808115,marketplace,,Paschim Vihar Market,,,,,,,,,,,,,,,,,,,,,,,,,,,,,,,,,,,,,,,,,,,,,,,,,
28.6773173,77.1041577,,Point,,node/2445864367,marketplace,,DDA Market,,,,,,,,,,,,,,,,,,,,,,,,,,,,,,,,,,,,,,,,,,,,,,,,,
28.6741463,77.1322843,,Point,,node/2445916782,police,,Punjabi Bagh Police Station,,,,,,,,,,,,,,,,,,,,,,,,,,,,,,,,,,,,,,,,,,,,,,,,,
28.634698,77.1826937,,Point,,node/2446007658,police,,Rajendra Nagar Police Station,,,,,,,,,,,,,,,,,,,,,,,,,,,,,,,,,,,,,,,,,,,,,,,,,
28.5983359,77.3112386,,Point,,node/2465428862,police,,New Ashok Nagar Police Station,,,,,,,,,,,,,,,,,,,,,,,,,,,,,,,,,,,,,,,,,,,,,,,,,
28.5345041,77.2144488,,Point,,node/2525210553,marketplace,,Fervent Software Solutions P Ltd.,,,,,,,,,,,,,,,,,,,,,Self,,,,,,,,,,,,,,,,,,Software Service,,,,,,,,,,
28.5366155,77.2122199,,Point,,node/2525233685,marketplace,,"Malviya Nagar, Main Market",,,,,,,48/1,August Kranti Marg,,,,110017,,,,,,,,,,,,,,,,,,,,,,,,,,,,,,,,,,,,,
28.6289362,76.9666822,,Point,,node/2529065771,police,,Baba Haridas Nagar Police Station,,,,,,,,,,,,,,,,,,,,,Survey,,,,,,,,,,,,,,,,,,,,,,,,,,,,
28.6075429,77.2452903,,Point,,node/2592537272,toilets,,,,,,,,,,,,,,,,,,,,,,,,,,,,,,,,,no,,,,,,,,,,,,,,,,,,
28.6408956,77.2185643,,Point,,node/2592537522,toilets,,,,,,,,,,,,,,,,,,,,,,,,,,,,,,,,,no,,,,,,,,,,,,,,,,,,
28.5513511,77.2587582,,Point,,node/2593805951,toilets,,Public Toilet,,,,,,,,,,,,,,,,,,,,,,,,,,,,,,,,,,,,,,,,,,,,,,,,,
28.6449997,77.2231206,,Point,,node/2657888901,toilets,,,,,,,,,,,,,,,,,,,,,,,,,,,,,,,,,,,,,,,,,,,,,,,,,,,
28.5942848,77.1652197,,Point,,node/2677421751,police,,,,,,,,,,,,,,,,,,,,,,,,,,,,,,,,,,,,,,,,,,,,,,,,,,,
28.6203804,76.9740509,,Point,,node/2700092983,marketplace,,Anaj Mandi,,,,,,,,,,,,,,,,,,,,,,,,,,,,,,,,,,,,,,,,,locality,,,,,,,,
28.6499571,77.1219621,,Point,,node/2708360300,police,,,,,,,,,,,,,,,,,,,,,,,,,,,,,,,,,,,,,,,,,,,,,,,,,,,
28.6499319,77.2432349,,Point,,node/2722843601,police,,,,,,,,,,,,,,,,,,,,,,,,,,,,,,,,,,,,,,,,,,,,,,,,,,,
28.5920709,77.2171625,,Point,,node/2799293122,toilets,,,,,,,,,,,,,,,,,,,,,,,,,public,,,,,,,,,flush,,,,,,,,,,,,,,,,,
28.5903223,77.2197885,,Point,,node/2800783153,toilets,,,,,,,,,,,,,,,,,,,,,,,,,,,,,,,,,,,,,,,,,,,,,,,,,,,
28.5928423,77.2210516,,Point,,node/2800796131,toilets,,,,,,,,,,,,,,,,,,,,,,,,,,,,,,,,,,,,,,,,,,,,,,,,,,,
28.5959531,77.223119,,Point,,node/2800796132,toilets,,,,,,,,,,,,,,,,,,,,,,,,,,,,,,,,,,,,,,,,,,,,,,,,,,,
28.6724708,77.1547603,,Point,,node/2977266162,marketplace,,Jain Market,,,,,,,,,,,,,,,,,,,,,,,,,,,,,,,,,,,,,,,,,,,,,,,,,
28.6558358,77.2190161,,Point,,node/3245667203,police,,Lahori Gate Police Station,,,,,,,,,,Delhi Police,,,,,,,,,,,,,,,,,,,,,,,,,,,,,,,,,,,,,,,
28.6585978,77.2310844,,Point,,node/3245702263,police,,Kotwali Police Station,,,,,,,,,,Delhi Police,,,,,,,,,,,,,,,,,,,,,,,,,,,,,,,,,,,,,,,
28.6524641,77.2337052,,Point,,node/3245702592,police,,Jama Masjid Police Station,,,,,,,,,,Delhi Police,,,,,,,,,,,,,,,,,,,,,,,,,,,,,,,,,,,,,,,
28.6559206,77.2347384,,Point,,node/3249140375,police,,Cycle Market Police Post,,,,,,,,,,Delhi Police,,,,,,,,,,,,,,,,,,,,,,,,,,,,,,,,,,,,,,,
28.6563948,77.2365376,,Point,,node/3258161064,toilets,,,,,,,,,,,,,,,,,,,,,,,,,,,,,,,,,,,,,,,,,,,,,,,,,,,
28.6556965,77.2393801,,Point,,node/3268708056,toilets,,SBM Toilets,,,,,,,,,,,,,,,,,,,,,,,,,,,,,,,,,,,,,,,,,,,,,,,,,
28.6566681,77.2383325,,Point,,node/3268708059,toilets,,,,,,,,,,,,,,,,,,,,,,,,,,,,,,,,,,,,,,,,,,,,,,,,,,,
28.5246843,77.2543284,,Point,,node/3386751338,police,,Police Station,,,,,,,,,,,,,,,,,,,,,,,,,,,,,,,,,,,,,,,,,,,,,,,,,
28.7375082,77.1364288,,Point,,node/3486501749,marketplace,,DDA Market,,,,,,,,"Sector-18, Rohini",,,Delhi,110089,,,,,,,,,,,,,,,,,,,,,,,,,,,,,,,,,,,,,
28.7374777,77.1361351,,Point,,node/3486503531,marketplace,,Mother Dairy,,,,,,,,"Sector-18, Rohini",,,Delhi,110089,,,,,,,,,,,,,,,,,,,,,,,,,,,,,,,,,,,,,
28.5843619,77.1916409,,Point,,node/3832419829,marketplace,,Yashwant Place,,,,,,,,,,,,110021,,,,,,,,,,,,,,,यशवंत प्लेस,,,,,,,,,,,,,,,,,,,,,,
28.6920932,77.2069984,,Point,,node/4052559954,marketplace,,Patel chest,,,,,,,,,,,,,,,,,,,,,,,,,,,,,,,,,,,,,,,,,,,,,,,,,
28.6786683,77.2072566,,Point,,node/4052563405,marketplace,,kamla market,,,,,,,,,,,,,,,,,,,,,,,,,,,,,,,,,,,,,,,,,,,,,,,,,
28.5820097,77.195299,,Point,,node/4052699977,police,,police station,,,,,,,,,,,,,,,,,,,,,,,,,,,,,,,,,,,,,,,,,,,,,,,,,
28.5694281,77.1933821,,Point,,node/4211222809,toilets,,,,,,,,,,,,,,,,24/7,,,,,,,,,,,,,,,,,no,,,,,,,,,,,,,,,,,,
28.5795503,77.1921453,,Point,,node/4211222813,toilets,,,,,,,,,,,,,,,,,,,,,,,,,,,,,,,,,,,,,,,,,,,,,,,,,,,
28.5777701,77.1963263,,Point,,node/4211259621,toilets,,,,,,,,,,,,,,,,24/7,,,,,,,,,,,,,,,,,,,,,,,,,,,,,,,,,,,
28.5768106,77.1954027,,Point,,node/4211259624,toilets,,,,,,,,,,,,south square mall,,,,24/7,,,,,,,,,,,,,,,,,,,,,,,,,,,,,,,,,,,
28.5698108,77.2040764,,Point,,node/4211294407,toilets,,,,,,,,,,,,,,,,Mo-Su 06:00-22:00,,,,,,,,,,,,,,,,,,,,,,,,,,,,,,,,,,,
28.6850963,77.1288269,,Point,,node/4352366527,toilets,,,,,,,,,,,,,,,,,,,,,,,,,,,,,,,,yes,,,,,,,,,,,,,,,,,,,
28.6282802,77.2605149,,Point,,node/4440796922,toilets,,,,,,,,,,,,,,,,,,,,,,,,,,,,,,,,,,,,,,,,,,,,,,,,,,,
28.4300428,77.2261104,,Point,,node/4618648390,police,,Police Post Sanjay Colony,,,,,,,,,,,,,,,,,,,,,,,,+91-11-2665-2562;+91-11-2665-9611,,,,,,,,,,,,,,,,,,,,,,,,,
28.6414639,77.218736,,Point,,node/4685571294,toilets,,,,,,,,,,,,NDMC,,,,,,,,,,,,,,,,,,,,,,,,,,,,,,,,,,,,,,,
28.5239856,77.1862016,,Point,,node/4692006381,toilets,,,,,,,,,,,,,,,,,,,,,,,,,,,,,,,,,yes,,,,,,,,,,,,,,,,,,
28.5452424,77.1275735,,Point,,node/4692006384,toilets,,,,,,,,,,,,,,,,,,,,,,,,,,,,,,,,,,,,,,,,,,,,,,,,,,,
28.593657,77.2485988,,Point,,node/4692007462,toilets,,,,,,,,,,,,,,,,,yes,,,,,,,,,,,,,,,,yes,,,,,,,,,,,,,,,,,,
28.6770926,77.3130114,,Point,,node/4716431409,toilets,,Public Toilet,,,,,,,,,,,,,,,,,,,,,,,,,,,,,,,,,,,,,,,,,,,,,,,,,
28.5489973,77.2357403,,Point,,node/4896984981,,,BogoBazaar.com,,mall,,,,,"M,BLock Market, GK!,",Hans Raj Gupta Marg,,Bogo Bazaar PVT TLD,DELHI,110048,,,,,,,,,,,,,,,,,,,,,,Online Shopping Destination.,,,,,,,,yes,,,,,,,
28.627962,77.2082507,,Point,,node/4907659722,toilets,,,,,,,,,,,,,,,,,,,,,,,,,,,,,,,,,,,,,,,,,,,,,,,,,,,
28.6177782,77.2798741,,Point,,node/4910109221,toilets,,,,,,,,,,,,,,,,,,,,,,,,,,,,,,,,,,,,,,,,,,,,,,,,,,,
28.614421,77.2792819,,Point,,node/4912525321,toilets,,,,,,,,,,,,,,,,,,,,,,,,,,,,,,,,,,,,,,,,,,,,,,,,,,,
28.6577341,77.2426166,,Point,,node/5017491422,toilets,,,,,,,,,,,,,,,,,,,,,,,,,,,,,,,,,,,,,,,,,,,,,,,,,,,
28.6339472,77.225211,,Point,,node/5068273331,toilets,,,,,,,,,,,,,,,,,,,,,,,,,,,,,,,,,,pitlatrine,,,,,,,,,,,,,,,,,
28.6331254,77.2269459,,Point,,node/5068273788,toilets,,,,,,,,,,,,,,,,,,,,,,,,,,,,,,,,,,,,,,,,,,,,,,,,,,,
28.6332852,77.2270346,,Point,,node/5068273978,toilets,,,,,,,,,,,,,,,,,,,,,,,,,,,,,,,,,,,,,,,,,,,,,,,,,,,
28.5612916,77.2315281,,Point,,node/5120631347,toilets,,,,,,,,,,,,,,,,,,,,,,,,,,,,,,,,,,,,,,,,,,,,,,,,,,,
28.5650954,77.2412044,,Point,,node/5120631356,toilets,,,,,,,,,,,,,,,,,,,,,,,,,,,,,,,,,,,,,,,,,,,,,,,,,,,
28.5848136,77.2606755,,Point,,node/5121928127,toilets,,,,,,,,,,,,,,,,,,,,,,,,,,,,,,,,,,,,,,,,,,,,,,,,,,,
28.5965204,77.2407448,,Point,,node/5122127036,toilets,,,,,,,,,,,,,,,,,,,,,,,,,,,,,,,,,,,,,,,,,,,,,,,,,,,
28.6033675,77.185617,,Point,,node/5136715529,toilets,,,,,,,,,,,,,,,,,yes,,,,,,,,,,,,,,,yes,no,,,,,yes,,,,,,,,,,,,,
28.6020427,77.1872852,,Point,,node/5136715531,toilets,,,,,,,,,,,,,,,,Mo-Su 06:00-22:00,yes,,,,,,,,,,,,,,,yes,no,,,,,yes,,,,,,,,,,,,,
28.5843538,77.1841222,,Point,,node/5137961065,toilets,,,,,,,,,,,,,,,,,,,,,,,,,,,,,,,,yes,no,,,,,yes,,,,,,,,,,,,,
28.6248905,77.2320461,,Point,,node/5229830227,toilets,,,,,,,,,,,,,,,,,,,,,,,,,,,,,,,,,,,,,,,,,,,,,,,,,,,
28.6043868,77.2894791,,Point,,node/5232299688,toilets,,Sulabh Toilets,,,,,,,,,,,,,,,yes,,,,,,,,,,,,,,,,yes,,,,,,,,,,,,,,,,,,
28.5735408,77.2073597,,Point,,node/5247558833,toilets,,,,,,,,,,,,,,,,,,,,,,,,,,,,,,,,,,,,,,,,,,,,,,,,,,,
28.5868252,77.190038,,Point,,node/5247558862,toilets,,,,,,,,,,,,,,,,,,,,,,,,,,,,,,,,,,,,,,,,,,,,,,,,,,,
28.5660458,77.1665265,,Point,,node/5253691566,toilets,,,,,,,,,,,,,,,,,,,,,,,,,,,,,,,,,,,,,,,,,,,,,no,,,,,,
28.5537638,77.2420651,,Point,,node/5276893322,toilets,,,,,,,,,,,,,,,,,,,,,,,,,,,,,,,,,no,,,,,,,,,,,,,,,,,,
28.5437057,77.2068313,,Point,,node/5277259841,toilets,,Sulabh Toilet Complex,,,,,,,,,,,,,,,,,,,,,,,,,,,,,,,yes,,,,,,-1,,,,,,,,,,,,
28.6314709,77.2214431,,Point,,node/5277323203,toilets,,,,,,,,,,,,,,,,,,,,,,,,,,,,,,,,,no,,,,,,,,,,,,,,,,,,
28.6122571,77.286777,,Point,,node/5301839162,toilets,,,,,,,,,,,,,,,,,,,,,,,,,,,,,,,,,no,,,,,,,,,,,,,,,,,,
28.5842288,77.1700446,,Point,,node/5306202249,toilets,,,,,,,,,,,,,,,,,,,,,,,,,,,,,,,,,no,,,,,,,,,,,,,,,,,,
28.5832839,77.1683573,,Point,,node/5306202440,toilets,,,,,,,,,,,,,,,,,,,,,,,,,,,,,,,,,no,,,,,,,,,,,,,,,,,,
28.5159361,77.2264962,,Point,,node/5318514353,toilets,,,,,,,,,,,,,,,,,,,,,,,,,,,,,,,,,,,,,,,,,,,,,,,,,,,
28.5202093,77.2017082,,Point,,node/5331316351,toilets,,Sulabh Toilet Complex,,,,,,,,,,,,,,Mo-Su 05:30-23:00,,,,,,,,,,,,,,,,,yes,,,,,,,,,,,,,,,,,,
28.612334,77.2459942,,Point,,node/5337541243,toilets,,,,,,,,,,,,,,,,,,,,,,,,,,,,,,,,,no,,,,is the road incorrectly positioned? the toilet is here...,,,,,,,,,,,,,,
28.6253009,77.2026177,,Point,,node/5338584904,toilets,,,,,,,,,,,,,,,,,,,,,,,,,,,,,,,,,no,,,,,,,,,,,,,,,,,,
28.6298995,77.2325567,,Point,,node/5342150560,toilets,,,,,,,,,,,,,,,,,,,,,,,,,,,,,,,,,no,,,,,,,,,,,,,,,,,,
28.6248255,77.2193623,,Point,,node/5345531689,toilets,,,,,,,,,,,,,,,,Mo-Su 06:00-22:00,,,,,,,,,,,,,,,,,no,,,,,,,,,,,,,,,,,,
28.6213804,77.219199,,Point,,node/5345531971,toilets,,,,,,,,,,,,,,,,,,,,,,,,,,,,,,,,,no,,,,,,,,,,,,,,,,,,
28.6293888,77.2173076,,Point,,node/5368462821,toilets,,,,,,,,,,,,NDMC,,,,,,,,,,,,,,,,,,,,,,,,,,,,,,,,,,,,,,,
28.5647343,77.2403629,,Point,,node/5370211760,toilets,,,,,,,,,,,,,,,,,,,,,,,,,,,,,,,,,,,,,,,,,,,,,,,,,,,
28.6582325,77.2299292,,Point,,node/5371750221,toilets,,,,,,,,,,,,Sulabh,,,,,,,,,,,,,,,,,,,,,,,,,,,,,,,,,,,,,,,
28.5552413,77.1764434,,Point,,node/5374941492,toilets,,,,,,,,,,,,,,,,,,,,,,,,,,,,,,,,,,,,,,,,,,,,,,,,,,,
28.5679954,77.1592565,,Point,,node/5414224648,toilets,,,,,,,,,,,,,,,,,,,,,,,,,,,,,,,,,,,,,,,,,,,,,,,,,,,
28.6262737,77.2314244,,Point,,node/5415676358,toilets,,,,,,,,,,,,,,,,,,,,,,,,,,,,,,,,,no,,,,,,,,,,,,,,,,,,
28.6891306,77.2217498,,Point,,node/5419777007,police,,,,,,,,,,,,,,,,,,,,,,,,,,,,,,,,,,,,,,,,,,,,,,,,,,,
28.5664977,77.2460742,,Point,,node/5455135973,toilets,,,,,,,,,,,,,,,,,yes,,,,,,,,,,,,,,,,no,,,,,,,,,,,,,,,,,,
28.6174925,77.2045001,,Point,,node/5483331739,toilets,,,,,,,,,,,,,New Delhi,,,Mo-Su 06:00-22:00,,,,,,,,,,,,,,,,,,,,,,,,,,,,,,,,,,,
28.6339704,77.2216328,,Point,,node/5498404975,toilets,,,,,,,,,,,,New Delhi Municipal Corporation,,,,,,,,,,,,,,,,,,,,,no,,,,,,,,,,,,,,,,,,
28.6341887,77.2227897,,Point,,node/5498958698,toilets,,,,,,,,,,,,,,,,,,,,,,,,,,,,,,,,,no,,,,,,,,,,,,,,,,,,
28.629791,77.2190559,,Point,,node/5521617221,toilets,,,,,,,,,,,,,,,,,,,,,,,,,,,,,,,,,no,,,,,,,,,,,,,,,,,,
28.5781401,77.2379053,,Point,,node/5537368880,toilets,,,,,,,,,,,,,,,,,,,,,,,,,,,,,,,,,,,,,,,,,,,,,,,,,,,
28.614499,77.2408575,,Point,,node/5552863491,toilets,,,,,,,,,,,,,,,,,,,,,,,,,,,,,,,,,,,,,,,,,,,,,,,,,,,
28.6158743,77.2381969,,Point,,node/5552864144,toilets,,,,,,,,,,,,,,,,,,,,,,,,,,,,,,,,,,,,,,,,,,,,,,,,,,,
28.5878611,77.1702942,,Point,,node/5561733971,toilets,,,,,,,,,,,,,,,,,,,,,,,,,,,,,,,,,,,,,,,,,,,,,,,,,,,
28.5745439,77.238706,,Point,,node/5567160256,toilets,,,,,,,,,,,,,,,,,,,,,,,,,,,,,,,,,,,,,,,,,,,,,,,,,,,
28.5217791,77.1830162,,Point,,node/5567160257,toilets,,,,,,,,,,,,,,,,,,,,,,,,,,,,,,,,,,,,,,,,,,,,,,,,,,,
28.6211522,77.2313366,,Point,,node/5567166099,toilets,,,,,,,,,,,,,,,,,,,,,,,,,,,,,,,,,no,,,,,,,,,,,,,,,,,,
28.5765459,77.2105728,,Point,,node/5567166102,toilets,,,,,,,,,,,,,,,,,,,,,,,,,,,,,,,,,no,,,,,,,,,,,,,,,,,,
28.6240421,77.2414591,,Point,,node/5567166875,toilets,,,,,,,,,,,,,,,,,,,,,,,,,,,,,,,,,yes,,,,,,,,,,,,,,,,,,
28.562941,77.2074126,,Point,,node/5567166879,toilets,,,,,,,,,,,,,,,,,,,,,,,,,,,,,,,,,no,,,,,,,,,,,,,,,,,,
28.6320671,77.2175099,,Point,,node/5577534201,toilets,,,,,,,,,,,,,,,,,,,,,,,,,,,,,,,,,no,,,,,,,,,,,,,,,,,,
28.6336905,77.2175781,,Point,,node/5577534326,toilets,,,,,,,,,,,,,,,,,,,,,,,,,,,,,,,,,no,,,,,,,,,,,,,,,,,,
28.5474187,77.2531622,,Point,,node/5578382615,toilets,,,,,,,,,,,,,,,,Mo-Su 06:00-22:00,,,,,,,,,,-10378,,,,,,,yes,,,,,,,,,,,,,,,,,,
28.6341481,77.2179356,,Point,,node/5578463454,toilets,,,,,,,,,,,,,,,,,,,,,,,,,,,,,,,,,no,,,,,,,,,,,,,,,,,,
28.58674,77.2531072,,Point,,node/5584871831,toilets,,,,,,,,,,,,,,,,24/7,,,,,,,,,,,,,,,,,yes,,,,,,,,,,,,,,,,,,
28.5372091,77.2125752,,Point,,node/5586450396,toilets,,,,,,,,,,,,,,,,,,,,,,,,,,,,,,,,no,,,,,,yes,,,,,,,,,,,,,
28.531689,77.2041964,,Point,,node/5586450873,toilets,,,,,,,,,,,,,,,,,,,,,,,,,,,,,,,,,,,,,,,,,,,,,,,,,,,
28.536377,77.2116888,,Point,,node/5586960165,toilets,,,,,,,,,,,,,,,,,,,,,,,,,,,,,,,,yes,,,,,,no,,,,,,,,,,,,,
28.5386447,77.1985051,,Point,,node/5598795648,toilets,,,,,,,,,,,,,,,,,,,,,,,,,,,,,,,,,,,,,,,,,,,,,,,,,,,
28.6363899,77.2020403,,Point,,node/5634524448,toilets,,,,,,,,,,,,,,,,,,,,,,,,,,,,,,,,,no,,,,,,,,,,,,,,,,,,
28.6435985,77.2238016,,Point,,node/5637101392,toilets,,,,,,,,,,,,,,,,24/7,,,,,,,,,,,,,,,,,,,,,,,,,,,,,,,,,,,
28.6042066,77.1980883,,Point,,node/5637102545,toilets,,,,,,,,,,,,,,,,,,,,,,,,,,,,,,,,,no,,,,,,,,,,,,,,,,,,
28.5135887,77.2351287,,Point,,node/5655292430,toilets,,,,,,,,,,,,,,,,,,,,,,,,,,,,,,,,,,,,,,,,,,,,,,,,,,,
28.6324332,77.2202309,,Point,,node/5656398092,toilets,,,,,,,,,,,,,,,,,,,,,,,,,,,,,,,,,no,,,,,,,,,,,,,,,,,,
28.6307285,77.2222043,,Point,,node/5656398093,toilets,,,,,,,,,,,,,,,,,,,,,,,,,,,,,,,,,no,,,,,,,,,,,,,,,,,,
28.4906983,77.3040256,,Point,,node/5663496326,toilets,,,,,,,,,,,,,,,,,,,,,,,,,,,,,,,,,yes,,,,,,,,,,,,,,,,,,
28.6253464,77.0671177,,Point,,node/5695691748,toilets,,,,,,,,,,,,,,,,,,,,,,,,,,,,,,,,,,,,,,,,,,,,,,,,,,,
28.6252815,77.0654136,,Point,,node/5695692629,toilets,,,,,,,,,,,,,,,,,,,,,,,,,,,,,,,,,,,,,,,,,,,,,,,,,,,
28.5345913,77.1964003,,Point,,node/5695695467,toilets,,,,,,,,,,,,,,,,,,,,,,,,,,,,,,,,,,,,,,,,,,,,,,,,,,,
28.5643499,77.2238792,,Point,,node/5701997800,toilets,,,,,,,,,,,,,,,,,,,,,,,,,,,,,,,,,,,,,,,,,,,,,,,,,,,
28.5622825,77.2232049,,Point,,node/5701998657,toilets,,,,,,,,,,,,,,,,,,,,,,,,,,,,,,,,,,,,,,,,,,,,,,,,,,,
28.6668447,77.2159035,,Point,,node/5701998658,toilets,,,,,,,,,,,,,,,,,,,,,,,,,,,,,,,,,,,,,,,,,,,,,,,,,,,
28.5842464,77.2127444,,Point,,node/5715392710,toilets,,,,,,,,,,,,,,,,Mo-Su 06:00-23:00,,,,,,,,,,,,,,,,,no,,,,,,,,,,,,,,,,,,
28.5857278,77.2201655,,Point,,node/5715392973,toilets,,,,,,,,,,,,,,,,,,,,,,,,,,,,,,,,,no,,,,,,,,,,,,,,,,,,
28.5858972,77.2134319,,Point,,node/5715394223,toilets,,,,,,,,,,,,,,,,,,,,,,,,,,,,,,,,,no,,,,,,,,,,,,,,,,,,
28.6095015,77.2285277,,Point,,node/5732543213,toilets,,,,,,,,,,,,,,,,,,,,,,,,,,,,,,,,,,,,,,,,,,,,,,,,,,,
28.6332462,77.2162929,,Point,,node/5736742927,toilets,,,,,,,,,,,,,,,,,,,,,,,,,,,,,,,,,no,,,,,,,,,,,,,,,,,,
28.5131673,77.1856979,,Point,,node/5738746849,toilets,,,,,,,,,,,,,,,,,,,,,,,,,,,,,,,,,,,,,,,,,,,,,,,,,,,
28.5520539,77.203913,,Point,,node/5744171196,,,,,mall,,,,,,,,,,,,,,,,,,,,,,,,,,,,,,,,,,,,,,,,,,,,,,,
28.5591641,77.1913817,,Point,,node/5744172179,toilets,,,,,,,,,,,,,,,,,,,,,,,,,,,,,,,,,,,,,,,,,,,,,,,,,,,
28.5556503,77.2022822,,Point,,node/5744181505,toilets,,,,,,,,,,,,,,,,,,,,,,,,,,,,,,,,,,,,,,,,,,,,,,,,,,,
28.5421945,77.2199806,,Point,,node/5755440916,toilets,,,,,,,,,,,,Sulabh International Social Service Organisation,,,,,,,,,,,,,yes,,,,,,,yes,yes,,,,,yes,,,,,,,,,,,,,
28.633173,77.2231474,,Point,,node/5758573712,toilets,,,,,,,,,,,,,,,,,,,,,,,,,yes,,,,,,,,no,,,,,,,,,,,,,,,,,,
28.5849754,77.1365125,,Point,,node/5766365018,,,Taurus Canteen,,mall,,,,,,,,,,,,,,,,,,,,,,,,,,,,,,,,,,,,,,,,,,,,,,,
28.5851062,77.1353157,,Point,,node/5766365019,marketplace,,Shopping Complex,,,retail,,,,,,,,,,,,,,,,,,,,,,,,,,,,,,,,,,,,,,,,,,,,,,
28.6358531,77.2184669,,Point,,node/5771449332,toilets,,,,,,,,,,,,,,,,,,,,,,,,,,,,,,,,,,,,,,,,,,,,,,,,,,,
28.6360561,77.2182673,,Point,,node/5771449333,toilets,,,,,,,,,,,,,,,,,,,,,,,,,,,,,,,,,,,,,,,,,,,,,,,,,,,
28.5706489,77.2363858,,Point,,node/5773502073,toilets,,,,,,,,,,,,Sulabh International Social Service Organization,,,,,,,,,,,,,,,,,,,,,yes,,,,,,0,,,,,,,,,,,,
28.5344357,77.2317877,,Point,,node/5778510691,toilets,,,,,,,,,,,,,,,,,,,,,,,,,,,,,,,,,,,,,,,,,,,,,,,,,,,
28.5276563,77.2680261,,Point,,node/5778514130,toilets,,,,,,,,,,,,,,,,,,,,,,,,,,,,,,,,,,,,,,,,,,,,,,,,,,,
28.5123728,77.2432268,,Point,,node/5778514145,toilets,,,,,,,,,,,,,,,,,,,,,,,,,,,,,,,,,no,,,,,,,,,,,,,,,,,,
28.6339909,77.2167227,,Point,,node/5784312300,toilets,,,,,,,,,,,,,,,,,,,,,,,,,,,,,,,,,no,,,,,,,,,,,,,,,,,,
28.6211108,77.2188339,,Point,,node/5790133227,toilets,,,,,,,,,,,,,,,,,,,,,,,,,,,,,,,,,no,,,,,,,,,,,,,,,,,,
28.6001954,77.2286247,,Point,,node/5790133228,toilets,,,,,,,,,,,,,,,,,,,,,,,,,,,,,,,,,no,,,,,,,,,,,,,,,,,,
28.5863973,77.2124547,,Point,,node/5790138417,toilets,,,,,,,,,,,,,,,,,,,,,,,,,,,,,,,,,yes,,-1,,,,-1,,,,,,,,,,,,
28.5932626,77.2237592,,Point,,node/5790139185,toilets,,,,,,,,,,,,,,,,Mo-Su 06:00-23:00,,,,,,,,,,,,,,,,,no,,,,,,,,,,,,,,,,,,
28.5854202,77.2122348,,Point,,node/5790140343,toilets,,,,,,,,,,,,,,,,,,,,,,,,,,,,,,,,,yes,,-1,,,,-1,,,,,,,,,,,,
28.5848206,77.2122083,,Point,,node/5790140395,toilets,,,,,,,,,,,,,,,,Mo-Su 06:00-23:00,,,,,,,,,,,,,,,,,no,,,,,,,,,,,,,,,,,,
28.5422629,77.23955,,Point,,node/5792048832,toilets,,,,,,,,,,,,,,,,,,,,,,,,,,,,,,,,,yes,,,,,,,,,,,,,,,,,,
28.5303743,77.2206623,,Point,,node/5792049358,toilets,,,,,,,,,,,,,,,,,,,,,,,,,,,,,,,,,no,,,,,,,,,,,,,,,,,,
28.5487698,77.2361403,,Point,,node/5792049359,toilets,,,,,,,,,,,,,,,,Mo-Su 06:00-22:00,,,,,,,,,,,,,,,,,no,,,,,,,,,,,,,,,,,,
28.5342884,77.2438652,,Point,,node/5792049360,toilets,,,,,,,,,,,,,,,,,,,,,,,,,,,,,,,,,,,,,,,,,,,,,,,,,,,
28.6294963,77.2120737,,Point,,node/5792049363,toilets,,,,,,,,,,,,,,,,,,,,,,,,,,,,,,,,,,,,,,,,,,,,,,,,,,,
28.6010084,77.2169989,,Point,,node/5799042181,toilets,,,,,,,,,,,,,,,,,,,,,,,,,,,,,,,,,no,,,,,,,,,,,,,,,,,,
28.6319296,77.2155817,,Point,,node/5799043060,toilets,,,,,,,,,,,,,,,,,,,,,,,,,,,,,,,,,,,,,,,,,,,,,,,,,,,
28.6307154,77.219801,,Point,,node/5799043062,toilets,,,,,,,,,,,,,,,,,,,,,,,,,,,,,,,,,,,,,,,,,,,,,,,,,,,
28.6270287,77.2106868,,Point,,node/5799050355,toilets,,,,,,,,,,,,,,,,,,,,,,,,,,,,,,,,,no,,,,,,,,,,,,,,,,,,
28.6256576,77.2112352,,Point,,node/5799050369,toilets,,,,,,,,,,,,,,,,,,,,,,,,,,,,,,,,,no,,,,,,,,,,,,,,,,,,
28.6254888,77.2094151,,Point,,node/5799050370,toilets,,,,,,,,,,,,,,,,,,,,,,,,,,,,,,,,,no,,,,,,,,,,,,,,,,,,
28.5537829,77.211856,,Point,,node/5799052871,toilets,,,,,,,,,,,,,,,,,,,,,,,,,,,,,,,,,no,,,,,,,,,,,,,,,,,,
28.6319296,77.2155817,,Point,,node/5799060316,toilets,,,,,,,,,,,,,,,,,,,,,,,,,,,,,,,,,,,,,,,,,,,,,,,,,,,
28.6307154,77.219801,,Point,,node/5799060318,toilets,,,,,,,,,,,,,,,,,,,,,,,,,,,,,,,,,,,,,,,,,,,,,,,,,,,
28.5537829,77.211856,,Point,,node/5799061844,toilets,,,,,,,,,,,,,,,,,,,,,,,,,,,,,,,,,no,,,,,,,,,,,,,,,,,,
28.6297521,77.2176616,,Point,,node/5799061868,toilets,,,,,,,,,,,,,,,,,,,,,,,,,,,,,,,,,no,,,,,yes,,,,,,,,,,,,,
28.6262764,77.2072812,,Point,,node/5799067870,toilets,,,,,,,,,,,,,,,,,,,,,,,,,,,,,,,,,no,,,,,,,,,,,,,,,,,,
28.6252499,77.2063936,,Point,,node/5799067888,toilets,,,,,,,,,,,,,,,,,,,,,,,,,,,,,,,,,no,,,,,,,,,,,,,,,,,,
28.628352,77.3090749,,Point,,node/5807088448,toilets,,,,,,,,,,,,,,,,,,,,,,,,,,,,,,,,,,,,,,,,,,,,,,,,,,,
28.5644397,77.2339422,,Point,,node/5810594580,toilets,,,,,,,,,,,,,,,,,,,,,,,,,,,,,,,,,,,,,,,,,,,,,,,,,,,
28.5929645,77.1216605,,Point,,node/5818160629,toilets,,,,,,,,,,,,,,,,,,,,,,,,,,,,,,,,,,,,,,,,,,,,,,,,,,,
28.6051877,77.1265245,,Point,,node/5818161117,toilets,,,,,,,,,,,,,,,,,,,,,,,,,,,,,,,,,,,,,,,,,,,,,,,,,,,
28.6463374,77.3160482,,Point,,node/5818161568,toilets,,,,,,,,,,,,,,,,,,,,,,,,,,,,,,,,,yes,,,,,,,,,,,,,,,,,,
28.6469122,77.3166536,,Point,,node/5818161569,toilets,,,,,,,,,,,,,,,,,,,,,,,,,,,,,,,,,,,,,,,,,,,,,,,,,,,
28.6326902,77.086868,,Point,,node/5841894910,toilets,,,,,,,,,,,,,,,,,,,,,,,,,,,,,,,,,yes,,,,,,0,,,,,,,,,,,,
28.558338,77.173671,,Point,,node/5848638200,toilets,,,,,,,,,,,,,,,,,,,,,,,,,,,,,,,,,,,,,,,,,,,,,,,,,,,
28.5879796,77.2536138,,Point,,node/5906571700,police,,Police Station Hazrat Nizamudin Railway station,,,,,,,,,,,,,,,,,,,,,,,,,,,,,,,,,,,,,,,,,,,,,,,,,
28.5513467,77.2516644,,Point,,node/5950266472,toilets,,,,,,,,,,,,,,,,,,,,,,,,,,,,,,,,,no,,,,,,-2,,,,,,,,,,,,
28.5731625,77.2458905,,Point,,node/5964264471,toilets,,,,,,,,,,,,,,,,,,,,,,,,,,,,,,,,,,,,,,,,,,,,,,,,,,,
28.5630649,77.2442537,,Point,,node/5964264472,toilets,,,,,,,,,,,,,,,,,,,,,,,,,,,,,,,,,,,,,,,,,,,,,,,,,,,
28.652398,77.1930248,,Point,,node/5978068724,police,,Police Station Karol Bagh,,,,,,,,,,,,,,,,,,,,,,,,+91-11-2872-6870;+91-11-2872-1115,,,,,,,,,,,,,,,,,,,,,,,,,
28.6443502,77.188445,,Point,,node/5978091787,toilets,,,,,,,,,,,,,,,,,,,,,,,,,,,,,,,,,yes,,,,,,0,,,,,,,,,,,,
28.5707121,77.2464088,,Point,,node/5985180686,toilets,,,,,,,,,,,,,,,,,,,,,,,,,,,,,,,,,no,,,,,,,,,,,,,,,,,,
28.5594075,77.244154,,Point,,node/6006345955,toilets,,,,,,,,,,,,,,,,,,,,,,,,,,,,,,,,,no,,,,,,,,,,,,,,,,,,
28.566016,77.2338177,,Point,,node/6006353162,toilets,,,,,,,,,,,,,,,,,,,,,,,,,,,,,,,,,no,,,,,,,,,,,,,,,,,,
28.5699189,77.2411016,,Point,,node/6007071194,toilets,,,,,,,,,,,,,,,,,,,,,,,,,,,,,,,,,no,,,,,,,,,,,,,,,,,,
28.5690874,77.2441454,,Point,,node/6007071583,toilets,,,,,,,,,,,,,,,,,,,,,,,,,,,,,,,,,no,,,,,,,,,,,,,,,,,,
28.5727203,77.2415881,,Point,,node/6012563799,toilets,,,,,,,,,,,,,,,,,,,,,,,,,,,,,,,,,no,,,,,,,,,,,,,yes,,,,,
28.6676909,77.2160776,,Point,,node/6015475919,toilets,,,,,,,,,,,,,,,,,,,,,,,,,,,,,,,,,yes,,,,,,,,,,,,,,,,,,
28.5741262,77.2380129,,Point,,node/6021053935,toilets,,,,,,,,,,,,,,,,,,,,,,,,,,,,,,,,,,,,,,,,,,,,,,,,,,,
28.5394473,77.2318442,,Point,,node/6055983301,toilets,,,,,,,,,,,,,,,,,,,,,,,,,,,,,,,,,,,,,,,,,,,,,,,,,,,
28.5060518,77.1746006,,Point,,node/6071159174,toilets,,,,,,,,,,,,,,,,,,,,,,,,,,,,,,,,,yes,,,,,,,,,,,,,,,,,,
28.6047752,77.2243232,,Point,,node/6077096071,toilets,,,,,,,,,,,,,,,,,,,,,,,,,,,,,,,,,no,,,,,,,,,,,,,,,,,,
28.6090632,77.224639,,Point,,node/6077096260,toilets,,,,,,,,,,,,,,,,,,,,,,,,,,,,,,,,,no,,,,,,,,,,,,,,,,,,
28.6029353,77.2239866,,Point,,node/6077096261,toilets,,,,,,,,,,,,,,,,,,,,,,,,,,,,,,,,,no,,,,,,,,,,,,,,,,,,
28.5675518,77.208181,,Point,,node/6077096434,toilets,,,,,,,,,,,,,,,,,,,,,,,,,,,,,,,,,no,,,,,,,,,,,,,,,,,,
28.6197493,77.240097,,Point,,node/6086076421,toilets,,,,,,,,,,,,,,,,,,,,,,,,,,,,,,,,,,,,,,,,,,,,,,,,,,,
28.6294985,77.2144857,,Point,,node/6107006758,toilets,,,,,,,,,,,,,,,,24/7,,,,,,,,,,,,,,,,,no,,,,,,,,,,,,,,,,,,
28.602296,77.2371318,,Point,,node/6110288537,toilets,,,,,,,,,,,,,,,,,,,,,,,,,,,,,,,,,no,,,,,,,,,,,,,,,,,,
28.5438224,77.2091772,,Point,,node/6110288722,toilets,,,,,,,,,,,,,,,,Mo-Su 04:00-22:00,,,,,,,,,,,,,,,,,no,,,,,,,,,,,,,,,,,,
28.5505215,77.2523987,,Point,,node/6112993594,toilets,,,,,,,,,,,,,,,,,,,,,,,,,,,,,,,,,,,,,,,,,,,,,,,,,,,
28.56055,77.2614803,,Point,,node/6112995388,toilets,,,,,,,,,,,,,,,,,,,,,,,,,,,,,,,,,,,,,,,,,,,,,,,,,,,
28.5576402,77.1610447,,Point,,node/6120508421,toilets,,,,,,,,,,,,,,,,,,,,,,,,,,,,,,,,,yes,,,,,,-1,,,,,,,,,,,,
28.6437003,77.2189266,,Point,,node/6134779778,police,,Police Station New Delhi Railway Station,,,,,,,,,,,,,,,,,,,,,,,,,,,,,,,,,,,,,,,,,,,,,,,,,
28.5642484,77.2077124,,Point,,node/6148020193,toilets,,,,,,,,,,,,,,,,,,,,,,,,,,,,,,,,,no,,,,,,,,,,,,,,,,,,
28.635912,77.2222854,,Point,,node/6148020512,police,,,,,,,,,,,,,,,,,,,,,,,,,,,,,,,,,,,,,,,,,,,,,,,,,,,
28.5208653,77.2015213,,Point,,node/6152749869,toilets,,,,,,,,,,,,,,,,,,,,,,,,,,,,,,,,,yes,,,,,,-1,,,,,,,,,,,,
28.6307822,77.2160257,,Point,,node/6161687904,toilets,,,,,,,,,,,,,,,,,,,,,,,,,,,,,,,,no,no,,,,,yes,0,,,,,,,,,,,,
28.6677708,77.2297887,,Point,,node/6161690668,toilets,,,,,,,,,,,,,,,,,,,,,,,,,,,,,,,,,yes,,,,,,0,,,,,,,,,,,,
28.6307126,77.2158613,,Point,,node/6161690689,toilets,,,,,,,,,,,,,,,,,,,,,,,,,,,,,,,,yes,no,,,,,no,0,,,,,,,,,,,,
28.6673419,77.2303462,,Point,,node/6162848273,toilets,,,,,,,,,,,,,,,,,,,,,,,,,,,,,,,,,,,,,,,,,,,,,,,,,,,
28.569335,77.2388529,,Point,,node/6184229011,toilets,,,,,,,,,,,,,,,,,,,,,,,,,,,,,,,,,yes,,,,,,-1,,,,,,,,,,,,
28.4974169,77.1477355,,Point,,node/6192509062,toilets,,,,,,,,,,,,,,,,,,,,,,,,,customers,,,,,,,,no,,,,,yes,,,,,,,,,,,,,
28.4974618,77.1477339,,Point,,node/6192509066,toilets,,,,,,,,,,,,,,,,,,,,,,,,,customers,,,,,,,yes,no,,,,,,,,,,,,,,,,,,
28.5869463,77.2407021,,Point,,node/6203987731,toilets,,,,,,,,,,,,,,,,,,,,,,,,,,,,,,,,,no,,,,,,,,,,,,,,,,,,
28.5897716,77.2199787,,Point,,node/6203988022,toilets,,,,,,,,,,,,,,,,,,,,,,,,,,,,,,,,,no,,,,,,,,,,,,,,,,,,
28.5741845,77.208908,,Point,,node/6206202588,toilets,,,,,,,,,,,,,,,,,,,,,,,,,,,,,,,,,yes,,,,,,,,,,,,,,,,,,
28.6227861,77.2135071,,Point,,node/6213742116,toilets,,,,,,,,,,,,,,,,Mo-Su 04:00-22:00,,,,,,,,,yes,,,,,,,,no,,,,,,,,,,,,,,,,,,
28.5095211,77.1780937,,Point,,node/6221554152,toilets,,,,,,,,,,,,,,,,,,,,,,,,,,,,,,,,,,,,,,,,,,,,,,,,,,,
28.6960233,77.223917,,Point,,node/6223284173,toilets,,,,,,,,,,,,,,,,,,,,,,,,,,,,,,,,,,,,,,,,,,,,,,,,,,,
28.7002715,77.2271739,,Point,,node/6223284348,toilets,,,,,,,,,,,,,,,,,,,,,,,,,,,,,,,,,,,,,,,,,,,,,,,,,,,
28.6965167,77.2270376,,Point,,node/6223284349,police,,Police Post Majnu ka Tila,,,,,,,,,,,,,,,,,,,,,,,,,,,,,,,,,,,,,,,,,,,,,,,,,
28.6266017,77.2333412,,Point,,node/6224257209,toilets,,SBM Toilets,,,,,,,,,,,,,,,,,,,,,,,,,,,,,,,no,,,,,,,,,,,,,,,,,,
28.6278904,77.2084283,,Point,,node/6225479102,toilets,,,,,,,,,,,,,,,,,,,,,,,,,,,,,,,,,no,,,,,,,,,,,,,,,,,,
28.6234633,77.197867,,Point,,node/6225479435,toilets,,,,,,,,,,,,,,,,,,,,,,,,,,,,,,,,,no,,,,,,,,,,,,,,,,,,
28.6251338,77.110503,,Point,,node/6225480441,toilets,,,,,,,,,,,,,,,,,,,,,,,,,,,,,,,,,no,,,,,,,,,,,,,,,,,,
28.6269913,77.1943413,,Point,,node/6225480473,toilets,,,,,,,,,,,,,,,,,,,,,,,,,,,,,,,,,no,,,,,,,,,,,,,,,,,,
28.6257674,77.1112872,,Point,,node/6226433634,marketplace,,Gandhi Market,,,,,,,,,,,,,,,,,,,,,,,,,,,,,,,,,,,,,,,,,,,,,,,,,
28.6249433,77.1115985,,Point,,node/6226433635,marketplace,,Shastri Market,,,,,,,,,,,,,,,,,,,,,,,,,,,,,,,,,,,,,,,,,,,,,,,,,
28.6151245,77.236022,,Point,,node/6255910845,toilets,,,,,,,,,,,,,,,,,,,,,,,,,,,,,,,,,,,,,,,,,,,,,,,,,,,
28.6148701,77.2341575,,Point,,node/6255913553,toilets,,,,,,,,,,,,,,,,,,,,,,,,,,,,,,,,,,,,,,,,,,,,,,,,,,,
28.6946154,77.2150607,,Point,,node/6257870385,toilets,,,,,,,,,,,,,,,,,,,,,,,,,yes,,,,,,,yes,yes,,,,,yes,,,,,,,,,,,,,
28.5775676,77.1769385,,Point,,node/6258194808,toilets,,,,,,,,,,,,,,,,,,,,,,,,,yes,,,,,,,,no,,,,,,,,,,,,,,,,,,
28.5702267,77.1852802,,Point,,node/6258194827,toilets,,,,,,,,,,,,,,,,,,,,,,,,,yes,,,,,,,,no,,,,,,,,,,,,,,,,,,
28.5571479,77.1744786,,Point,,node/6261565892,toilets,,,,,,,,,,,,Sulabh International Social Service Organisation,,,,,,,,,,,,,yes,,,,,,,,yes,,,,,,,,,,,,,,,,,,
28.5199768,77.1999114,,Point,,node/6265702980,toilets,,,,,,,,,,,,,,,,,,,,,,,,,,,,,,,,yes,no,,,,,yes,,,,,,,,,,,,,
28.5019105,77.2907092,,Point,,node/6274319087,police,,Police Station Pul Prahladpur,,,,,,,,,,,,110044,,,,,,,,,,,,,,,,,,,,,,,,,,,,,,,,,,,,,
28.5315674,77.2874237,,Point,,node/6274736840,toilets,,,,,,,,,,,,,,,,,,,,,,,,,yes,,,,,,,,,,,,,,,,,,,,,,,,,,
28.6348216,77.2205433,,Point,,node/6278067685,toilets,,,,,,,,,,,,,,,,,,,,,,,,,,,,,,,,yes,no,,,,,yes,,,,,,,,,,,,,
28.6317079,77.2219529,,Point,,node/6278106189,toilets,,,,,,,,,,,,NDMC,,,,,,,,,,,,,,,,,,,,,,,,,,,,,,,,,,,,,,,
28.602426,77.2325839,,Point,,node/6286078247,toilets,,,,,,,,,,,,,,,,,,,,,,,,,,,,,,,,,no,,,,,,,,,,,,,,,,,,
28.6177455,77.2249545,,Point,,node/6334153145,toilets,,,,,,,,,,,,,,,,,,,,,,,,,,,,,,,,,no,,,,,,,,,,,,,,,,,,
28.604396,77.2245961,,Point,,node/6334153739,toilets,,,,,,,,,,,,,,,,24/7,,,,,,,,,,,,,,,,,,,,,,,,,,,,,,,,,,,
28.5797419,77.2132558,,Point,,node/6335221846,toilets,,,,,,,,,,,,,,,,,,,,,,,,,,,,,,,,yes,no,,,No water.,,,,,,,,,,,,,,,
28.5160381,77.2254354,,Point,,node/6337466649,toilets,,,,,,,,,,,,,,,,,,,,,,,,,,,,,,,,,no,,,,,,,,,,,,,,,,,,
28.5537109,77.2280004,,Point,,node/6337466651,toilets,,,,,,,,,,,,,,,,,,,,,,,,,,,,,,,,,no,,,,,,,,,,,,,,,,,,
28.5189065,77.2107194,,Point,,node/6344499207,toilets,,,,,,,,,,,,,,,,,,,,,,,,,yes,,,,,,,,no,,,,,,,,,,,,,,,,,,
28.5689221,77.2121633,,Point,,node/6349423445,toilets,,,,,,,,,,,,,,,,,,,,,,,,,,,,,,,,,no,,,,,,,,,,,,,,,,,,
28.5595875,77.2616067,,Point,,node/6349423458,toilets,,,,,,,,,,,,,,,,,,,,,,,,,,,,,,,,,,,,,,,,,,,,,,,,,,,
28.5440821,77.2641351,,Point,,node/6349423474,toilets,,,,,,,,,,,,,,,,,,,,,,,,,,,,,,,,yes,yes,,,,,yes,,,,,,,,,,,,,
28.5858856,77.2403415,,Point,,node/6351651730,toilets,,,,,,,,,,,,,,,,,,,,,,,,,,,,,,,,,,,,,,,,,,,,,,,,,,,
28.6953895,77.2143919,,Point,,node/6362341633,toilets,,,,,,,,,,,,,,,,,,,,,,,,,yes,,,,,,,yes,no,,,,,yes,,,,,,,,,,,,,
28.5777899,77.2667583,,Point,,node/6362609796,toilets,,,,,,,,,,,,,,,,,,,,,,,,,,,,,,,,,,,,,Not sure if in use.,,,,,,,,,,,,,,
28.5922517,77.2441627,,Point,,node/6371764311,toilets,,,,,,,,,,,,,,,,,,,,,,,,,yes,,,,,,,,no,,,,,,,,,,,,,,,,,,
28.6100749,77.2124995,,Point,,node/6371779134,toilets,,,,,,,,,,,,,,,,,,,,,,,,,yes,,,,,,,,no,,,,,,,,,,,,,,,,,,
28.6327737,77.2231872,,Point,,node/6371937737,toilets,,,,,,,,,,,,,,,,Mo-Su 04:00-22:00,,,,,,,,,yes,,,,,,,,no,,,,,yes,,,,,,,,,,,,,
28.6319359,77.2218514,,Point,,node/6371968794,toilets,,,,,,,,,,,,NDMC,,,,Mo-Su 04:00-22:00,no,,,,,,,,yes,,,,,,,yes,no,,,,,yes,,,,,,,,,,,,,
28.5612191,77.2227581,,Point,,node/6375929249,toilets,,,,,,,,,,,,,,,,,,,,,,,,,,,,,,,,,no,,,,,,,,,,,,,,,,,,
28.6015133,77.2379931,,Point,,node/6385537593,toilets,,,,,,,,,,,,,,,,,,,,,,,,,yes,,,,,,,,no,,,,,,,,,,,,,,,,,,
28.6520813,77.0946973,,Point,,node/6385672557,toilets,,,,,,,,,,,,,,,,,,,,,,,,,,,,,,,,yes,no,,,,,yes,,,,,,,,,,,,,
28.6407385,77.1050597,,Point,,node/6385735813,toilets,,,,,,,,,,,,Sulabh International Social Service Organisation,,,,,,,,,,,,,yes,,,,,,,yes,yes,,,,,yes,,,,,,,,,,,,,
28.6517663,77.0963462,,Point,,node/6385735816,police,,Police Station Khyala,,,,,,,,,,,,,,,,,,,,,,,,,,,,,,,,,,,,,,,,,,,,,,,,,
28.6151013,77.2889276,,Point,,node/6395753660,toilets,,,,,,,,,,,,,,,,,,,,,,,,,yes,,,,,,,,no,,,,,,,,,,,,,,,,,,
28.6128968,77.3115381,,Point,,node/6395754694,toilets,,,,,,,,,,,,,,,,,,,,,,,,,yes,,,,,,,,no,,,,,,,,,,,,,,,,,,
28.6125158,77.3072324,,Point,,node/6395824644,toilets,,,,,,,,,,,,,,,,,,,,,,,,,yes,,,,,,,yes,no,,,,,yes,,,,,,,,,,,,,
28.613379,77.3171717,,Point,,node/6395824654,police,,,,,,,,,,,,,,,,,,,,,,,,,,,,,,,,,,,,,,,,,,,,,,,,,,,
28.5652854,77.2303437,,Point,,node/6395927060,toilets,,,,,,,,,,,,,,,,,,,,,,,,,yes,,,,,,,,no,,,,,,,,,,,,,,,,,,
28.5655452,77.2304082,,Point,,node/6395927067,toilets,,,,,,,,,,,,,,,,,,,,,,,,,yes,,,,,,,,no,,,,,,,,,,,,,,,,,,
28.5514615,77.2515702,,Point,,node/6403528197,toilets,,,,,,,,,,,,,,,,,,,,,,,,,yes,,,,,,,yes,no,,,,,yes,0,,,,,,,,,,,,
28.6894132,77.2915327,,Point,,node/6403596410,police,,Durga Puri Police Station,,,,,,,,,,,,,,,,,,,,,,,,,,,,,,,,,,,,,,,,,,,,,,,,,
28.5296934,77.2155976,,Point,,node/6404370462,toilets,,,,,,,,,,,,,,,,Mo-Su 06:00-22:00,designated,,,,,,,,yes,,,,,,,yes,no,,,,,yes,,,,,,,,,,,,,
28.5318943,77.2252646,,Point,,node/6404449719,police,,Police Post PSRI Hospital,,,,,,,,,,,,,,,,,,,,,,,,,,,,,,,,,,,,,,,,,,,,,,,,,
28.5905398,77.1682138,,Point,,node/6411318189,toilets,,,,,,,,,,,,,,,,,limited,,,,,,,,yes,,,,,,,yes,no,,,,,yes,,,,,,,,,,,,,
28.5658588,77.1767011,,Point,,node/6411389715,toilets,,,,,,,,,,,,,,,,,,,,,,,,,yes,,,,,,,,no,,,,,,,,,,,,,,,,,,
28.6862014,77.2920281,,Point,,node/6412016786,police,,Police Chowki,,,,,,,,,,,,,,,,,,,,,,,,,,,,,,,,,,,,,,,,,,,,,,,,,
28.6984388,77.2047988,,Point,,node/6419226660,toilets,,,,,,,,,,,,Sulabh International Social Service Organisation,,,,,,,,,,,,,yes,,,,,,,,yes,,,,,,,,,,,,,,yes,,,,
28.5263966,77.1528343,,Point,,node/6447240233,marketplace,,Masoodpur market,,,,,,,,,,,,,,,,,,,,,,,,,,,,,,,,,,,,,,,,,,,,,,,,,
28.5573888,77.1632196,,Point,,node/6457203782,toilets,,,,,,,,,,,,,,,,,,,,,,,,,yes,,,,,,,,no,,,,,yes,,,,,,,,,,,,,
28.5414856,77.2554252,,Point,,node/6459196238,toilets,,,,,,,,,,,,,,,,,,,,,,,,,yes,,,,,,,yes,no,,,,,yes,,,,,,,,,,,,,
28.5409105,77.2562759,,Point,,node/6459196253,toilets,,,,,,,,,,,,,,,,,,,,,,,,,yes,,,,,,,yes,no,,,,,yes,,,,,,,,,,,,,
28.5925214,77.1628996,,Point,,node/6466232463,toilets,,,,,,,,,,,,,,,,,,,,,,,,,,,,,,,,,,,,,,,,,,,,,,,,,,,
28.6148563,77.0830942,,Point,,node/6466294294,toilets,,,,,,,,,,,,,,,,,,,,,,,,,yes,,,,,,,yes,no,,,,,yes,,,,,,,,,,,,,
28.5992263,77.1253722,,Point,,node/6466294298,toilets,,,,,,,,,,,,,,,,,,,,,,,,,,,,,,,,,,,,,,,,,,,,,,,,,,,
28.6102975,77.0937433,,Point,,node/6466294299,toilets,,,,,,,,,,,,,,,,,,,,,,,,,,,,,,,,,,,,,,,,,,,,,,,,,,,
28.5967284,77.1338588,,Point,,node/6466294301,toilets,,,,,,,,,,,,,,,,,,,,,,,,,,,,,,,,yes,no,,,,,,,,,,,,,,,,,,
28.6131514,77.0860753,,Point,,node/6466294306,police,,Police Station Dabri,,,,,,,,,,,,,,,,,,,,,,,,,,,थाना दाबड़ी,,,,,,,,,,,,,,,,,,,,,,
28.6176049,77.2125392,,Point,,node/6470184610,toilets,,,,,,,,,,,,,,,,,,,,,,,,,yes,,,,,,,yes,no,,,,,yes,,,,,,,,,,,,,
28.5541872,77.19732,,Point,,node/6473646421,toilets,,,,,,,,,,,,,,,,,,,,,,,,,yes,,,,,,,yes,no,,,,,yes,,,,,,,,,,,,,
28.5465968,77.1955933,,Point,,node/6474960123,toilets,,,,,,,,,,,,Sulabh International Social Service Organisation,,,,,,,,,,,,,yes,,,,,,,yes,yes,,,,,yes,,,,,,,,,,,,,
28.5654851,77.2458366,,Point,,node/6475002026,toilets,,,,,,,,,,,,,,,,,,,,,,,,,yes,,,,,,,yes,no,,,,,yes,,,,,,,,,,,,,
28.567348,77.2076039,,Point,,node/6475002027,toilets,,,,,,,,,,,,,,,,,designated,,,,,,,,yes,,,,,,,yes,no,,,,,yes,,,,,,,,,,,,,
28.546725,77.3071741,,Point,,node/6475118801,toilets,,,,,,,,,,,,,,,,,,,,,,,,,customers,,,,,,,yes,no,,,,,yes,,,,,,,,,,,,,
28.6791022,77.2923319,,Point,,node/6504226234,toilets,,,,,,,,,,,,,,,,,no,,,,,,,,,,,,,,,,no,,,"Please don't use this toilet, it is badly maintained.",,,,,,,,,,,,no,,,
28.6796046,77.2923372,,Point,,node/6504226235,toilets,,,,,,,,,,,,,,,,,no,,,,,,,,,,,,,,,,no,,,"Please don't use this toilet, it is badly maintained.",,,,,,,,,,,,no,,,
28.6970096,77.2915828,,Point,,node/6504230499,toilets,,,,,,,,,,,,,,,,,no,,,,,,,,yes,,,,,,,,no,,,It is public Toilet located near Loni Road. It is really well maintained.,,,,,,,,,,,yes,no,"Swachh Bharat Toilet, Loni Road, Shahdara",,
28.5474041,77.2444398,,Point,,node/6535485505,toilets,,,,,,,,,,,,,,,,Mo-Su 04:00-22:00,,,,,,,,,yes,,,,,,,yes,no,,,,,yes,,,,,,,,,,,,,
28.5463263,77.2434001,,Point,,node/6535485506,police,,Police Station Greater Kailash 1,,,,,,,,,,,,,,,,,,,,,,,,,,,,,,,,,,,,,,,,,,,,,,,,,
28.6649179,77.2151133,,Point,,node/6539125890,marketplace,,Khanna Market,,,,,,,,,,,,,,,,,,,,,,,,,,,,,,,,,,,,,,,,,,,,,,,,,
28.6265092,77.2188023,,Point,,node/6539240959,toilets,,,,,,,,,,,,,,,,Mo-Su 06:00-22:00,,,,,,,,,yes,,,,,,,yes,no,,,,,yes,,,,,,,,,,,,,
28.6248542,77.2190859,,Point,,node/6539240960,toilets,,,,,,,,,,,,Sulabh International Social Service Organization,,,,,,,,,,,,,,,,,,,,yes,yes,,,,,yes,-1,,,,,,,,,,,,
28.6567408,77.2393881,,Point,,node/6562933797,toilets,,SBM Toilets,,,,,,,,,,,,,,,,,,,,,,,,,,,,,,,,,,,,,,,,,,,,,,,,,
28.626386,77.2071519,,Point,,node/6563068182,toilets,,,,,,,,,,,,,,,,,,,,,,,,,yes,,,,,,,,no,,,,,,,,,,,,,,,,,,
28.6283492,77.2064069,,Point,,node/6563073807,toilets,,,,,,,,,,,,,,,,,,,,,,,,,yes,,,,,,,,no,,,,,,,,,,,,,,,,,,
28.5533788,77.2605915,,Point,,node/6563078934,toilets,,,,,,,,,,,,,,,,,,,,,,,,,yes,,,,,,,,no,,,,,,,,,,,,,,,,,,
28.5492901,77.258653,,Point,,node/6563098292,toilets,,,,,,,,,,,,,,,,,,,,,,,,,,,,,,,,,,,,,,,,,,,,,,,,,,,
28.6521926,77.2426343,,Point,,node/6574551506,toilets,,SBM Toilets,,,,,,,,,,,,,,,,,,,,,,,,,,,,,,,,,,,,,,,,,,,,,,,,,
28.5280373,77.289489,,Point,,node/6581163801,toilets,,,,,,,,,,,,,,,,,,,,,,,,,yes,,,,,,,,no,flush,,,,,,,,,,,,,yes,,,,
28.6053389,77.2967198,,Point,,node/6699210689,toilets,,,,,,,,,,,,,,,,,,,,,,,,,yes,,,,,,,yes,,,,,,yes,,,,,,,,,,,,,
28.6263868,77.2320139,,Point,,node/6702715353,police,,DCP Residence,,,,,,crossing,7,Sikandra Road,,,,110001,,,,,,,,,,,,,,DCP Residence,,,,,,,,,,,,,,,,,,,,,,marked,
28.5283472,77.2554497,,Point,,node/6769351765,toilets,,,,,,,,,,,,SDMC,,,,,limited,,,,,,,,yes,,,,,,,yes,no,,,,,yes,0,,,,,,,,,,,,
28.5660442,77.2506136,,Point,,node/6774644962,toilets,,,,,,,,,,,,,,,,,designated,,,,,,,,yes,,,,,,,yes,yes,,,,,yes,-2,,,,,,,,,yes,,,
28.5417816,77.2200769,,Point,,node/6779419590,toilets,,,,,,,,,,,,,,,,,,,,,,,,,,,,,,,,,,,,,,,,,,,,,,,,,,,
28.5403845,77.217922,,Point,,node/6779419599,toilets,,,,,,,,,,,,SDMC,,,,,,,,,,,,,yes,,,,,,,,,,,,,,,,,,,,,,,,,,
28.5280736,77.2053946,,Point,,node/6779419617,toilets,,,,,,,,,,,,,,,,,designated,,,,,,,,yes,,,,,,,yes,yes,,,,,yes,0,,,,,,,,,,,,
28.534917,77.2129216,,Point,,node/6779419632,toilets,,,,,,,,,,,,,,,,,,,,,,,,,,,,,,,,,,,,,,,,,,,,,,,,,,,toilets
28.5771581,77.1988355,,Point,,node/6785996661,toilets,,,,,,,,,,,,,,,,,,,,,,,,,yes,,,,,,,yes,no,,,,,yes,,,,,,,,,,,,,
28.5694041,77.2023943,,Point,,node/6785996662,toilets,,,,,,,,,,,,,,,,,designated,,,,,,,,yes,,,,,,,,no,,,,,yes,,,,,,,,,,,,,
28.5694195,77.2025922,,Point,,node/6785996681,toilets,,,,,,,,,,,,,,,,,designated,,,,,,,,yes,,,,,,,yes,no,,,,,,,,,,,,,,,,,,
28.584488,77.223537,,Point,,node/6786009787,toilets,,,,,,,,,,,,,,,,,,,,,,,,,yes,,,,,,,yes,no,,,,,yes,0,,,,,,,,,,,,
28.5632261,77.2297159,,Point,,node/6791316091,toilets,,,,,,,,,,,,,,,,,,,,,,,,,,,,,,,,,,,,,,,,,,,,,,,,,,,
28.6603735,77.2285221,,Point,,node/6825092914,toilets,,,,,,,,,,,,,,,,,,,,,,,,,yes,,,,,,,,,,,,,,,,,,,,,,,,,,
28.6603874,77.2293263,,Point,,node/6825092921,police,,Police Station Old Delhi Railway Station,,,,,,,,,,,,,,,,,,,,,,,,,,,,,,,,,,,,,,,,,,,,,,,,,
28.6357869,77.2189634,,Point,,node/6832945792,toilets,,,,,,,,,,,,,,,,,,,,,,,,,,,,,,,,,,,,,,,,,,,,,,,,,,,
28.6305138,77.2772867,,Point,,node/6837340219,toilets,,,,,,,,,,,,Sulabh International Social Service Organisation,,,,,no,,,,,,,,yes,,,,,,,yes,yes,,,,,yes,0,,,,,,,,,,,,
28.6406954,77.2113562,,Point,,node/6846243985,toilets,,,,,,,,,,,,,,,,24/7,,,,,,,,,,,,,,,,,,,,,,,,,,,,,,,,,,,
28.629923,77.2771866,,Point,,node/6851091558,toilets,,,,,,,,,,,,Sulabh International Social Service Organisation,,,,,no,,,,,,,,yes,,,,,,,yes,yes,,,,,yes,0,,,,,,,,,,,,
28.6465523,77.3144625,,Point,,node/6869949757,toilets,,,,,,,,,,,,,,,,,,,,,,,,,yes,,,,,,,yes,no,,,,,yes,,,,,,,,,,,,,
28.6467815,77.3147684,,Point,,node/6869949765,toilets,,,,,,,,,,,,,,,,,,,,,,,,,yes,,,,,,,yes,no,,,,,yes,,,,,,,,,,,,,
28.613824,77.2925587,,Point,,node/6870050008,toilets,,,,,,,,,,,,,,,,,,,,,,,,,yes,,,,,,,,,,,,,,,,,,,,,,,,,,
28.5586179,77.2389466,,Point,,node/6900297487,toilets,,,,,,,,,,,,,,,,Mo-Su 04:00-22:00,,,,,,,,,yes,,,,,,,yes,,,,,,yes,,,,,,,,,,,,,
28.6731492,77.1704827,,Point,,node/6930106187,,,Parsvnath Mall Inderlok,,mall,,,,,,,,,,,,,,,,,,,,,,,,,,,,,,,,,,,,,,,,,,,,,,,
28.6400648,77.204746,,Point,,node/6930119560,toilets,,,,,,,,,,,,,,,,,,,,,,,,,,,,,,,,,,,,,,,,,,,,,,,,,,,
28.5867041,77.1936003,,Point,,node/6961442930,toilets,,,,,,,,,,,,,,,,,,,,,,,,,yes,,,,,,,,no,,,,,,,,,,,,,,,,,,
28.5839057,77.1920195,,Point,,node/6961442939,toilets,,,,,,,,,,,,,,,,Mo-Su 06:00-22:00,designated,,,,,,,,yes,,,,,,,yes,,,,,,yes,,,,,,,,,,,,,
28.5854846,77.1924535,,Point,,node/6961442949,toilets,,,,,,,,,,,,,,,,,,,,,,,,,yes,,,,,,,yes,no,,,,,yes,,,,,,,,,,,,,
28.5923138,77.1960205,,Point,,node/6961442955,toilets,,,,,,,,,,,,,,,,,designated,,,,,,,,yes,,,,,,,yes,no,,,,,yes,,,,,,,,,,,,,
28.5919661,77.1956887,,Point,,node/6964092575,toilets,,,,,,,,,,,,,,,,,,,,,,,,,yes,,,,,,,yes,no,,,,,yes,,,,,,,,,,,,,
28.642215,77.2185437,,Point,,node/6979349389,toilets,,,,,,,,,,,,,,,,,,,,,,,,,yes,,,,,,,,,,,,,,,,,,,,,,,,,,
28.6438762,77.2183021,,Point,,node/6979349399,toilets,,,,,,,,,,,,,,,,,,,,,,,,,,,,,,,,,,,,,,,,,,,,,,,,,,,
28.642212,77.2234746,,Point,,node/7084023961,toilets,,,,,,,,,,,,,,,,,,,,,,,,,,,,,,,,,,,,,,,,,,,,,,,,,,,
28.4937527,77.3037682,,Point,,node/7099818528,police,,Police Station Badarpur,,,,,,,,,,,,,,,,,,,,,,,,,,,,,,,,,,,,,,,,,,,,,,,,,
28.5492555,77.2529671,,Point,,node/7121963720,toilets,,,,,,,,,,,,,,,,Mo-Su 04:00-22:00,,,,,,,,,yes,,,,,,,,yes,,,,,,,,,,,,,,,,,,
28.4803299,77.125611,,Point,,node/7131270006,toilets,,,,,,,,,,,,,,,,,,,,,,,,,,,,,,,,,,,,,,,,,,,,,,,,,,,
28.5467188,77.1956479,,Point,,node/7132728667,toilets,,,,,,,,,,,,,,,,,designated,,,,,,,,yes,,,,,,,yes,yes,,,,,yes,,,,,,,,,,,,,
28.6402677,77.135379,,Point,,node/7132999875,police,,Kirti Nagar Police Station,,,,,,,,,,,,,,,,,,,,,,,,,,,,,,,,,,,,,,,,,,,,,,,,,
28.5725349,77.1696461,,Point,,node/7150717316,toilets,,,,,,,,,,,,,,,,,,,,,,,,,yes,,,,,,,yes,no,,,,,yes,,,,,,,,,,,,,
28.5755491,77.2832351,,Point,,node/7150923321,toilets,,,,,,,,,,,,,,,,,,,,,,,,,,,,,,,,,,,,,,,,,,,,,,,,,,,
28.6003113,77.2603109,,Point,,node/7167049487,toilets,,,,,,,,,,,,,,,,,no,,,,,,,,yes,,,,,,,yes,,,,,,yes,,,,,,,,,,,,,
28.6225535,77.2969625,,Point,,node/7167334680,toilets,,,,,,,,,,,,,,,,,,,,,,,,,,,,,,,,,,,,,,,,,,,,,,,,,,,
28.622098,77.2926595,,Point,,node/7171446391,toilets,,,,,,,,,,,,,,,,,,,,,,,,,,,,,,,,,,,,,,,,,,,,,,,,,,,
28.5647092,77.1776717,,Point,,node/7187209568,toilets,,,,,,,,,,,,,,,,,no,,,,,,,,yes,,,,,,,yes,,,,,,yes,,,,,,,,,,,,,
28.5677437,77.1752805,,Point,,node/7187210588,toilets,,,,,,,,,,,,,,,,Mo-Su 06:00-22:00,yes,,,,,,,,yes,,,,,,,yes,no,,,,,yes,,,,,,,,,,,,,
28.5607352,77.1814443,,Point,,node/7187288397,toilets,,,,,,,,,,,,,,,,,,,,,,,,,,,,,,,,,,,,,,,,,,,,,,,,,,,
28.602748,77.2655473,,Point,,node/7191285073,toilets,,,,,,,,,,,,,,,,,,,,,,,,,yes,,,,,,,yes,no,,,,,yes,,,,,,,,,,,,,
28.5802504,77.2220306,,Point,,node/7191351131,toilets,,,,,,,,,,,,,,,,,,,,,,,,,,,,,,,,,,,,,,,,,,,,,,,,,,,
28.599407,77.2607945,,Point,,node/7192967567,toilets,,,,,,,,,,,,,,,,,,,,,,,,,yes,,,,,,,,,,,,,,,,,,,,,,,,,,
28.5930622,77.1843953,,Point,,node/7207491798,toilets,,,,,,,,,,,,,,,,,,,,,,,,,,,,,,,,,,,,,,,,,,,,,,,,,,,
28.6199878,77.2897189,,Point,,node/7227258830,toilets,,,,,,,,,,,,,,,,,,,,,,,,,yes,,,,,,,yes,,,,,,,,,,,,,,,,,,,
28.6312391,77.2049117,,Point,,node/7274152201,toilets,,,,,,,,,,,,,,,,,no,,,,,,,,permissive,,,,,,,yes,,,,,,yes,0,,,,,,,,,,,,
28.5945404,77.1932015,,Point,,node/7305319583,toilets,,,,,,,,,,,,,,,,,,,,,,,,,,,,,,,,,,,,,,,,,,,,,,,,,,,
28.7037002,77.2108401,,Point,,node/7389579732,toilets,,,,,,,,,,,,,,,,,,,,,,,,,,,,,,,,,,,,,,,,,,,,,,,,,,,
28.7014595,77.207078,,Point,,node/7389579738,marketplace,,market place,,,,,,,,,,,,,,,,,,,,,,,,,,,,,,,,,,,,,,,,,,,,,,,,,
28.7164396,77.1141469,,Point,,node/7753603302,,,Unity,,mall,,,,,,,,,,,,,,,,,,,,,,,,,,,,,,,,,,,,,,,,,,,,,,,
28.6278399,77.3081635,,Point,,node/7813122577,toilets,,,,,,,,,,,,,,,,,no,,,,,,,,yes,,,,,,,,no,,,,On a landing between the first floor and the second.,,,,,,,,,,yes,,,,
