latitude,longitude,altitude,geometry,coordinates,@id,area,public_transport,railway,ref,name,train,amenity,barrier,surface,departures_board,subway,lit,shelter,layer,level,tactile_paving,to,network,operator
28.6434661,77.2201673,,Polygon,"77.2201673,28.6434661,77.2201161,28.6438099,77.2200761,28.6441678,77.2199443,28.6441604,77.2200047,28.6437905,77.2200684,28.643449,77.220219,28.6424732,77.2204984,28.6406579,77.2206215,28.6398834,77.2206912,28.6394814,77.220764,28.6392018,77.2208533,28.638915,77.2208928,28.6389237,77.2208109,28.6394043,77.2206379,28.640675,77.2203297,28.6424877,77.2201673,28.6434661",way/34940731,yes,platform,platform,6;7,,,,,,,,,,,,,,,
28.6443122,77.2195941,,Polygon,"77.2195941,28.6443122,77.2197032,28.6437414,77.2197749,28.6434179,77.2199748,28.6424186,77.2200674,28.641983,77.2202772,28.6408697,77.220311,28.640873,77.2201564,28.6419962,77.2200901,28.6424391,77.2199286,28.643442,77.2198707,28.6437607,77.2197884,28.6443456,77.21974,28.6445746,77.219678,28.6448046,77.2194063,28.6456282,77.2192342,28.6461154,77.219209,28.646107,77.2193163,28.645615,77.2195941,28.6443122",way/34940733,yes,platform,platform,4;5,5-Apr,,,,,,,,,,,,,,
28.6437598,77.2203812,,Polygon,"77.2203812,28.6437598,77.2203151,28.6439638,77.2202565,28.643959,77.2203038,28.6437503,77.2203934,28.6431546,77.2205011,28.6425239,77.2205697,28.6420664,77.2207102,28.6411571,77.2207814,28.6406958,77.2209625,28.6394219,77.2210479,28.6389706,77.2210975,28.6387925,77.2211302,28.6387976,77.221098,28.6389826,77.2210433,28.6395729,77.2208689,28.6407065,77.2207972,28.6411667,77.2206559,28.6420819,77.2205868,28.6425365,77.2204872,28.6431654,77.2203812,28.6437598",way/34940743,yes,platform,platform,8;9,9-Aug,,,,,,,,,,,,,,
28.6389926,77.2213584,,Polygon,"77.2213584,28.6389926,77.2213733,28.6393881,77.2213767,28.6399515,77.2213583,28.64036,77.2213219,28.6406473,77.2212999,28.6407779,77.2212233,28.6412327,77.2210707,28.6421436,77.2209936,28.6425945,77.2209017,28.643159,77.2208376,28.6434482,77.2207665,28.6437221,77.2206991,28.6437122,77.2207627,28.6434463,77.2208134,28.6431499,77.2208987,28.6425831,77.220972,28.6421301,77.2211139,28.6412188,77.2211852,28.6407611,77.2212,28.6406362,77.2212317,28.6403144,77.2212526,28.6399809,77.2212663,28.639363,77.2212817,28.6390467,77.2213065,28.6388005,77.2213606,28.6388016,77.2213584,28.6389926",way/34940744,yes,platform,platform,12,13-Dec,,,,,,,,,,,,,,
28.6394758,77.2211486,,Polygon,"77.2211486,28.6394758,77.2211747,28.6394774,77.2211223,28.6403022,77.2210706,28.6407366,77.2210079,28.6411938,77.220875,28.6421176,77.2207957,28.6425706,77.220645,28.6435286,77.2206015,28.6437821,77.2204947,28.6437663,77.2205356,28.6435127,77.2206879,28.6425557,77.2207605,28.6421018,77.2209032,28.6411813,77.2209724,28.6407198,77.2211486,28.6394758",way/34940745,yes,platform,platform,10;11,11-Oct,,,,,,,,,,,,,,
28.5607739,77.2641885,,Polygon,"77.2641885,28.5607739,77.2641393,28.5607355,77.2673839,28.557159,77.2679099,28.5565414,77.2679742,28.5565868,77.2678551,28.5567358,77.2666975,28.5580025,77.2641885,28.5607739",way/77340555,yes,,platform,,,,,,,,,,,,,,,,
28.5791534,77.2428559,,Polygon,"77.2428559,28.5791534,77.2451403,28.5791814,77.2451374,28.5792138,77.2428475,28.5791839,77.2428559,28.5791534",way/77340557,yes,,platform,,,,,,,,,,,,,,,,
28.5789088,77.2451244,,Polygon,"77.2451244,28.5789088,77.2429196,28.5788564,77.2429224,28.5788296,77.244355,28.5788675,77.2451254,28.5788879,77.2451244,28.5789088",way/77340559,yes,,platform,,,,,,,,,,,,,,,,
28.5790087,77.2451233,,Polygon,"77.2451233,28.5790087,77.245122,28.5790628,77.2428407,28.5790299,77.2428429,28.5789702,77.2451233,28.5790087",way/77340562,yes,,platform,,,,,,,,,,,,,,,,
28.6433626,77.2211951,,Polygon,"77.2211951,28.6433626,77.2212619,28.6431796,77.2213076,28.6430432,77.2213842,28.6427701,77.2214072,28.6426433,77.2214816,28.6422041,77.2216382,28.6412944,77.221715,28.6408392,77.2217458,28.6406563,77.2217745,28.6403747,77.2217706,28.63935,77.2217819,28.6386514,77.2218076,28.6382528,77.2219288,28.6382556,77.2219044,28.6388928,77.2219095,28.6395202,77.2219231,28.6403642,77.2218911,28.6406544,77.2218823,28.6407347,77.2218142,28.6410678,77.2217535,28.6411174,77.2214851,28.6426648,77.2215405,28.6426849,77.2214341,28.6432085,77.2213756,28.6434845,77.2211541,28.6434518,77.2211951,28.6433626",way/77366959,yes,platform,platform,,16,,,,,,,,,,,,,,
28.6430588,77.2210787,,Polygon,"77.2210787,28.6430588,77.2211344,28.6427453,77.2211545,28.6426129,77.2212314,28.6421732,77.2213831,28.6412605,77.2214598,28.6408024,77.2214864,28.6406435,77.2215237,28.6403592,77.2215128,28.6387394,77.2215393,28.638471,77.2215874,28.6381995,77.2216846,28.6378754,77.2217447,28.6378809,77.2217057,28.6381229,77.2216622,28.6386409,77.2216546,28.6394175,77.2216469,28.6403622,77.2216201,28.6406396,77.2215894,28.6408218,77.2215126,28.6412771,77.2213589,28.642195,77.2212822,28.6426305,77.2212631,28.6427562,77.2211834,28.6430709,77.2211314,28.643065,77.2210787,28.6430588",way/77366977,yes,platform,platform,,14-15,,,,,,,,,,,,,,
28.6625254,77.2254565,,Polygon,"77.2254565,28.6625254,77.2270004,28.6624631,77.2273288,28.6624498,77.2284724,28.6624036,77.2285183,28.6623994,77.2289012,28.6623805,77.2299724,28.6623276,77.2299755,28.6623602,77.2299153,28.6624036,77.2290582,28.6624638,77.2284771,28.6624918,77.2254612,28.6626137,77.2254565,28.6625254",way/77614267,,,platform,,,,,,,,,,,,,,,,
28.6617652,77.224782,,Polygon,"77.224782,28.6617652,77.224261,28.6617441,77.223971,28.6617187,77.2242596,28.6616957,77.2247801,28.6616739,77.2269496,28.6615696,77.2272964,28.661553,77.2285097,28.6614947,77.2288093,28.6614803,77.2310061,28.6613747,77.2312729,28.66136,77.2316134,28.661361,77.2312842,28.6614324,77.2310132,28.6614724,77.2288103,28.6615759,77.2285107,28.66159,77.227302,28.6616468,77.2269607,28.6616628,77.224782,28.6617652",way/77614268,yes,platform,platform,,,yes,,,,,,,,,,,,,
28.6609372,77.2269253,,Polygon,"77.2269253,28.6609372,77.2254899,28.6609898,77.2251082,28.6610022,77.2248692,28.6610184,77.2246006,28.6610605,77.2227061,28.6614654,77.2221631,28.6615815,77.2218548,28.6616622,77.2215791,28.6617639,77.2209484,28.6621141,77.2209336,28.6620857,77.2215597,28.6617265,77.2218426,28.6616198,77.2221592,28.6615205,77.2226925,28.6614001,77.2247126,28.6609818,77.2249763,28.6609406,77.2257227,28.6609131,77.226277,28.6609171,77.2269253,28.6608893,77.2269253,28.6609372",way/77614274,yes,platform,platform,1,,yes,,,,,,,,,,,,,
28.6612549,77.2316277,,Polygon,"77.2316277,28.6612549,77.2288054,28.6613951,77.2285176,28.6614094,77.2272885,28.6614705,77.2269463,28.6614875,77.2245393,28.6616071,77.2243244,28.6616182,77.2243202,28.6615264,77.2245351,28.6615178,77.2269425,28.6613998,77.2272851,28.661383,77.2285131,28.6613229,77.2287998,28.6613088,77.2316207,28.6611706,77.2316277,28.6612549",way/77614280,yes,platform,platform,,,yes,,,,,,,,,,,,,
28.6613843,77.2246242,,Polygon,"77.2246242,28.6613843,77.2246229,28.6613434,77.2249637,28.6612863,77.2252747,28.6612603,77.2269205,28.6611782,77.2272798,28.6611603,77.2273223,28.6611582,77.2285026,28.6610989,77.2287836,28.6610848,77.2311134,28.6609677,77.2316722,28.6609826,77.2316756,28.6610392,77.2311242,28.6610591,77.2287873,28.6611713,77.2285056,28.6611848,77.2273456,28.6612405,77.2272784,28.661244,77.2269284,28.6612622,77.2252847,28.6613476,77.2246242,28.6613843",way/77614290,yes,platform,platform,4;5,,yes,,,,,,,,,,,,,
28.6623153,77.2208821,,Polygon,"77.2208821,28.6623153,77.2208581,28.6622726,77.2212214,28.6620654,77.221623,28.6618594,77.2218944,28.6617503,77.2222012,28.6616659,77.2227358,28.6615529,77.2246077,28.6611572,77.2248692,28.6611216,77.2251114,28.6610983,77.2254843,28.6610797,77.226954,28.6610211,77.2270494,28.6610431,77.2283889,28.6609706,77.228388,28.6609532,77.2284058,28.6609525,77.2292975,28.6609153,77.2292975,28.6608905,77.2296658,28.6608858,77.2305177,28.6608486,77.2308517,28.6608781,77.2308606,28.6608998,77.2303109,28.6609169,77.228412,28.6610151,77.2270426,28.6610859,77.2269476,28.6610936,77.2251343,28.6611805,77.2248675,28.6612038,77.224613,28.6612472,77.2227577,28.6616368,77.2221723,28.6617648,77.2218807,28.6618539,77.2215868,28.661976,77.2213085,28.6621176,77.2208821,28.6623153",way/77614304,yes,platform,platform,2;3,,yes,,,,,,,,,,,,,
28.661939,77.2253407,,Polygon,"77.2253407,28.661939,77.2251439,28.6619312,77.2246892,28.6618665,77.2251403,28.6618629,77.225333,28.6618597,77.2269574,28.6617858,77.2273047,28.66177,77.2285344,28.6617141,77.2288281,28.6617008,77.2300012,28.6616474,77.2300012,28.6616645,77.2296107,28.6617172,77.2292855,28.6617591,77.2288221,28.6617802,77.228537,28.6617932,77.227304,28.6618495,77.2269666,28.6618649,77.2253407,28.661939",way/77614320,yes,platform,platform,,,yes,,,,,,,,,,,,,
28.5921914,77.2538016,,Polygon,"77.2538016,28.5921914,77.2540121,28.5873759,77.2540516,28.5870277,77.2541535,28.5864259,77.2541964,28.5864342,77.2541776,28.5865414,77.2541153,28.5870271,77.2540859,28.5873759,77.2538766,28.5921914,77.2538016,28.5921914",way/77882515,yes,platform,platform,2;3,,yes,,,,,,,,,,,,,
28.5853397,77.2545446,,Polygon,"77.2545446,28.5853397,77.2545639,28.5853414,77.2545934,28.5857158,77.2546047,28.5860396,77.2544745,28.5895096,77.2544589,28.5898937,77.2544379,28.5900722,77.2543458,28.5903997,77.2543604,28.59012,77.2545446,28.5853397",way/77882517,yes,platform,platform,6;7,,yes,,,,,,,,,,,,,
28.5878489,77.2537209,,Polygon,"77.2537209,28.5878489,77.2537105,28.588265,77.2536852,28.5892819,77.2536306,28.5906838,77.2535789,28.5919067,77.253555,28.5919097,77.253612,28.590199,77.2536336,28.5892809,77.253671,28.5882643,77.2536895,28.5878541,77.2537209,28.5878489",way/77882519,yes,platform,platform,1,,yes,,,,,,,,,,,,,
28.5875833,77.2542749,,Polygon,"77.2542749,28.5875833,77.254301,28.5872703,77.2543131,28.5870477,77.2543882,28.5864636,77.2544029,28.5864625,77.2543633,28.5875536,77.2541989,28.5911582,77.2541749,28.5914048,77.254132,28.5918652,77.2540998,28.5918629,77.2542749,28.5875833",way/77882533,yes,platform,platform,4;5,,yes,,,,,,,,,,,,,
28.5811727,77.1973976,,Polygon,"77.1973976,28.5811727,77.1974048,28.5812122,77.1966097,28.581283,77.1952539,28.5813802,77.1952522,28.5813381,77.1973976,28.5811727",way/77882918,yes,,platform,,,,,,,,,,,,,,,,
28.5788331,77.2291547,,Polygon,"77.2291547,28.5788331,77.2291566,28.5788725,77.2279096,28.5788815,77.2270147,28.5789308,77.226834,28.5789027,77.227586,28.5788521,77.2280393,28.5788268,77.2291547,28.5788331",way/77882924,yes,,platform,,,,,,,,,,,,,,,,
28.5812294,77.195247,,Polygon,"77.195247,28.5812294,77.1952407,28.5811974,77.1973844,28.58104,77.1973851,28.5810673,77.195247,28.5812294",way/77882956,yes,,platform,,,,,,,,,,,,,,,,
28.5796454,77.2157267,,Polygon,"77.2157267,28.5796454,77.2157197,28.5796144,77.2177865,28.5794619,77.2177933,28.5794948,77.2174609,28.5795159,77.2157267,28.5796454",way/77882957,yes,,platform,,,,,,,,,,,,,,,,
28.5796217,77.2175928,,Polygon,"77.2175928,28.5796217,77.2178342,28.5796024,77.2178359,28.5796353,77.2158559,28.5797848,77.2155954,28.5797983,77.215592,28.5797728,77.2158622,28.5797512,77.2175928,28.5796217",way/77882958,yes,,platform,,,,,,,,,,,,,,,,
28.5787802,77.2268122,,Polygon,"77.2268122,28.5787802,77.2268055,28.5787366,77.2279572,28.5786694,77.2291498,28.5786798,77.2291509,28.5787138,77.2280427,28.5787075,77.227575,28.5787265,77.2268122,28.5787802",way/77882959,yes,,platform,,,,,,,,,,,,,,,,
28.5058318,77.2964033,,Polygon,"77.2964033,28.5058318,77.297023,28.5038546,77.2972606,28.5029969,77.2972956,28.5029445,77.2974017,28.502866,77.2972705,28.5032708,77.2973361,28.5033763,77.2972482,28.5036657,77.2971106,28.5037861,77.2970988,28.503873,77.2964591,28.505849,77.2964033,28.5058318",way/172688685,yes,platform,platform,,,yes,,,,,,,,,,,,,
28.5027713,77.2971472,,Polygon,"77.2971472,28.5027713,77.2968581,28.5037046,77.2967567,28.5040219,77.2964199,28.5050766,77.2962008,28.5050237,77.296408,28.5044609,77.2966009,28.5039716,77.2970821,28.5027514,77.2971472,28.5027713",way/172688690,yes,,platform,,,,,,,,,,,,,,,,
28.6537968,77.123922,,Polygon,"77.123922,28.6537968,77.1240354,28.6540663,77.1240087,28.6541318,77.1239607,28.6542254,77.1239207,28.6542675,77.1235475,28.6543985,77.1231449,28.6545202,77.1230196,28.6541856,77.1232154,28.6541326,77.1232621,28.6540238,77.123922,28.6537968",way/292045086,,,platform,,,,bus_station,wall,,,,,,,,,,,
28.6471524,77.3124689,,Polygon,"77.3124689,28.6471524,77.3125329,28.6470811,77.3129654,28.647377,77.3132962,28.647617,77.3167822,28.6504028,77.3170363,28.6506199,77.3172387,28.6507916,77.3171397,28.6508685,77.3169735,28.6507151,77.3167687,28.6505508,77.3127748,28.6474208,77.3125791,28.647259,77.3124689,28.6471524",way/366772311,yes,platform,platform,,,,,,,,,,,,,,,,
28.6511896,77.3178226,,Polygon,"77.3178226,28.6511896,77.3176315,28.650968,77.3174178,28.650749,77.317193,28.6505437,77.3169209,28.6503286,77.3133982,28.6475148,77.3126477,28.6469593,77.3127437,28.6468616,77.3171478,28.6503406,77.3175019,28.6506607,77.3177326,28.6509149,77.3179579,28.6511833,77.3178667,28.6512386,77.3178226,28.6511896",way/366772319,yes,platform,platform,,,,,,,,,,,,,,,,
28.6647613,77.1824411,,Polygon,"77.1824411,28.6647613,77.1824286,28.6647352,77.1851864,28.6640419,77.1851968,28.6640643,77.1852056,28.6640856,77.1847865,28.664211,77.184495,28.6642968,77.1836167,28.6645223,77.1833309,28.6645863,77.182794,28.6646973,77.1824411,28.6647613",way/387410437,yes,,platform,,,,,,,,,,,,,,,,
28.6621376,77.1890716,,Polygon,"77.1890716,28.6621376,77.1854524,28.6632334,77.1838934,28.6637054,77.1838588,28.6636174,77.189037,28.6620496,77.1890716,28.6621376",way/387410456,yes,platform,platform,"2, 3",,yes,,,concrete,,,,,,,,,,
28.6620256,77.1902388,,Polygon,"77.1902388,28.6620256,77.1855496,28.6634434,77.1842364,28.6638405,77.1842061,28.6637633,77.1902084,28.6619484,77.1902388,28.6620256",way/387410458,yes,platform,platform,"4, 5",,yes,,,concrete,,,,,,,,,,
28.6109786,77.1147627,,Polygon,"77.1147627,28.6109786,77.1154011,28.6117321,77.1154819,28.6116793,77.1155101,28.611704,77.1154858,28.6117201,77.1155641,28.6118115,77.1156152,28.6117778,77.1159985,28.6122225,77.1160975,28.6123409,77.1161875,28.6122815,77.1162598,28.612242,77.1163751,28.6123763,77.1160988,28.6125693,77.1184893,28.6153301,77.1184425,28.6153643,77.1158391,28.6123357,77.1146129,28.6109093,77.1146692,28.6108716,77.1147627,28.6109786",way/408035626,yes,platform,platform,1,,yes,,,concrete,yes,,,,,,,,,
28.5839988,77.091397,,Polygon,"77.091397,28.5839988,77.0914587,28.5839564,77.0952058,28.5883348,77.0951521,28.5883702,77.0944601,28.5875812,77.0927381,28.5855722,77.0926148,28.5853743,77.091397,28.5839988",way/408035627,yes,,platform,,,,,,,,,,,,,,,,
28.6111777,77.1146317,,Polygon,"77.1146317,28.6111777,77.1157165,28.612432,77.1179616,28.6150276,77.1178879,28.6150817,77.1176572,28.6148463,77.1174775,28.6146626,77.1156268,28.6124964,77.1148784,28.6116204,77.1146813,28.6113744,77.114578,28.6112154,77.1146317,28.6111777",way/408035628,yes,platform,platform,"2, 3",,yes,,,concrete,,,,,,,,,,
28.5836974,77.0914319,,Polygon,"77.0914319,28.5836974,77.0914601,28.5836773,77.0917578,28.5839753,77.0918718,28.5840919,77.0951266,28.5878873,77.0952219,28.5880063,77.0953372,28.5881688,77.0952809,28.588203,77.0914319,28.5836974",way/408035629,yes,,platform,,,,,,,,,,,,,,,,
28.6155939,77.1181319,,Polygon,"77.1181319,28.6155939,77.1181105,28.6156092,77.1179348,28.6154914,77.117684,28.6152889,77.1175003,28.6151123,77.1154032,28.6126654,77.1143836,28.6114756,77.1144305,28.6114415,77.1144694,28.6114862,77.1154518,28.6126287,77.117558,28.6150782,77.1177229,28.6152489,77.1179657,28.6154467,77.1181319,28.6155939",way/408087290,yes,,platform,,,,,,,,,,,,,,,,
28.6800917,77.1319635,,Polygon,"77.1319635,28.6800917,77.1304454,28.680234,77.1256818,28.6806423,77.1268137,28.6804364,77.1276653,28.6803505,77.1302938,28.6801434,77.1319501,28.6799964,77.1319635,28.6800917",way/436876091,,platform,platform,,,,,,,,,,,,,,,,
28.6807258,77.1259071,,Polygon,"77.1259071,28.6807258,77.1320949,28.6801964,77.1320963,28.6802128,77.1307471,28.6803599,77.1279643,28.6806282,77.1272093,28.6806846,77.1259124,28.6807658,77.1259071,28.6807258",way/436876092,,platform,platform,,,,,,,,,,,,,,,,
28.6442959,77.2194828,,Polygon,"77.2194828,28.6442959,77.219209,28.6455656,77.2191085,28.6460455,77.2190273,28.6460451,77.2191044,28.645542,77.2191258,28.6454149,77.2193676,28.6442787,77.2194843,28.6437177,77.2195508,28.643381,77.2197575,28.6423851,77.2198371,28.642047,77.2199141,28.6416696,77.2200979,28.6408037,77.2201807,28.6408169,77.2200202,28.6416884,77.2199511,28.6420622,77.2198849,28.642402,77.219672,28.643396,77.2196013,28.6437357,77.2194828,28.6442959",way/463699080,yes,platform,platform,2;3,3-Feb,,,,,,,,,,,,,,
28.6442643,77.2191309,,Polygon,"77.2191309,28.6442643,77.2192348,28.6438195,77.2192682,28.6436807,77.2193327,28.6433547,77.2195548,28.642381,77.2196003,28.6421815,77.2196531,28.6419334,77.2197605,28.64138,77.2199231,28.640707,77.2199665,28.6407159,77.2196548,28.6421915,77.219307,28.643836,77.219211,28.6442786,77.2190258,28.6451121,77.2189086,28.6456597,77.2188603,28.646147,77.2188102,28.6468088,77.2187944,28.6473404,77.2186806,28.6473404,77.2187128,28.646719,77.2187852,28.6460575,77.218812,28.6457115,77.2188737,28.645389,77.2191309,28.6442643",way/463699081,yes,platform,platform,1,1,,,,,,,,,,,,,,
28.6577337,77.2171377,,Polygon,"77.2171377,28.6577337,77.2170653,28.6579455,77.216856,28.6587717,77.2167956,28.6590835,77.216742,28.6595589,77.2166924,28.6604545,77.2166549,28.6604545,77.216675,28.6592836,77.2166978,28.6590282,77.2167434,28.6588046,77.2170036,28.6577078,77.2171377,28.6577337",way/464312309,yes,,platform,,,,,,,,,,,,,,,,
28.6594248,77.2168923,,Polygon,"77.2168923,28.6594248,77.2168681,28.6594248,77.216907,28.6590953,77.2169607,28.6587964,77.2171632,28.6580691,77.2173831,28.6575019,77.2174099,28.657509,77.2172141,28.6582245,77.2169808,28.6589823,77.2169352,28.6591706,77.2168923,28.6594248",way/464312311,yes,,platform,,,,,,,,,,,,,,,,
28.6611346,77.15726,,Polygon,"77.15726,28.6611346,77.1572064,28.6611864,77.1568711,28.6609205,77.1565117,28.6606027,77.156281,28.6603674,77.1560504,28.6601202,77.1557044,28.6596895,77.1557741,28.6596495,77.1561335,28.6600802,77.1563776,28.6603297,77.1566297,28.660591,77.1569677,28.6608922,77.15726,28.6611346",way/464317504,yes,platform,platform,,,,,,,,,,,,,,,,
28.6610005,77.1573754,,Polygon,"77.1573754,28.6610005,77.1573191,28.6610546,77.1570562,28.6608475,77.1566056,28.6604191,77.1562971,28.6600967,77.1558572,28.6595907,77.155927,28.6595365,77.1563669,28.6600473,77.1566458,28.660325,77.1571286,28.660791,77.1573754,28.6610005",way/464317505,yes,,platform,,,,,,,,,,,,,,,,
28.6610381,77.1578904,,Polygon,"77.1578904,28.6610381,77.1578314,28.6610923,77.1575363,28.660864,77.1574827,28.660911,77.1572359,28.6607063,77.1569435,28.660438,77.1566297,28.6601273,77.1563266,28.6597931,77.1560423,28.6594518,77.1560799,28.6594212,77.1551921,28.6583692,77.155243,28.6583386,77.1561711,28.6594283,77.1565466,28.6598284,77.156973,28.6602567,77.1572895,28.6605533,77.1576275,28.6608357,77.1578904,28.6610381",way/464317506,yes,platform,platform,,,,,,,,,,,,,,,,
28.6729959,77.289973,,Polygon,"77.289973,28.6729959,77.2897149,28.6729847,77.2897129,28.6729612,77.2924568,28.6730003,77.2953629,28.6730418,77.2953616,28.6731253,77.2951644,28.6731336,77.2949069,28.6731347,77.2941586,28.6731277,77.2937603,28.6731218,77.2931434,28.6731324,77.2927397,28.6731406,77.2924527,28.6731464,77.2919847,28.6731559,77.291577,28.6731547,77.2913289,28.673143,77.2910499,28.6731112,77.290211,28.6730206,77.289973,28.6729959",way/517396415,yes,platform,platform,,,,,,,,,,,,,,,,
28.6493744,77.3140271,,Polygon,"77.3140271,28.6493744,77.3140497,28.649352,77.3156536,28.6506056,77.3156886,28.6505711,77.315883,28.6507231,77.315848,28.6507575,77.3166729,28.6514022,77.3166503,28.6514246,77.3140271,28.6493744",way/517396416,yes,platform,platform,,,,,,,,,,,,,,,,
28.6514893,77.3165993,,Polygon,"77.3165993,28.6514893,77.3165748,28.6515138,77.3139355,28.6494613,77.3139601,28.6494367,77.3165993,28.6514893",way/517396417,yes,platform,platform,,,,,,,,,,,,,,,,
28.6727923,77.2891261,,Polygon,"77.2891261,28.6727923,77.2928833,28.672854,77.2947205,28.6728841,77.2947179,28.6729653,77.2928791,28.6729357,77.2891268,28.6728753,77.2891261,28.6727923",way/517396419,yes,platform,platform,,,,,,,,,,,,,,,,
28.6732459,77.2946126,,Polygon,"77.2946126,28.6732459,77.2946119,28.6733465,77.2938529,28.6733418,77.2923867,28.6733559,77.29151,28.6733536,77.2909628,28.6732889,77.2909795,28.6732224,77.2913134,28.6732589,77.2915642,28.6732718,77.2919692,28.6732753,77.2923827,28.6732615,77.2927444,28.6732495,77.2931883,28.6732424,77.2937644,28.6732347,77.2941485,28.67324,77.2946126,28.6732459",way/517396428,yes,platform,platform,,,,,,,,,,,,,,,,
28.6302584,77.2895586,,Polygon,"77.2895586,28.6302584,77.2868818,28.6281843,77.2869224,28.6281438,77.2895993,28.630218,77.2895586,28.6302584",way/662311118,yes,platform,platform,,,yes,,,,,,,,,,,,,
28.6282478,77.2868308,,Polygon,"77.2868308,28.6282478,77.2894996,28.630329,77.2894633,28.6303649,77.2867945,28.6282838,77.2868308,28.6282478",way/662311119,yes,platform,platform,,,yes,,,,,,,,,,,,,
28.6512845,77.3169896,,Polygon,"77.3169896,28.6512845,77.316952,28.6513221,77.3133364,28.6485093,77.3131165,28.6482998,77.3129448,28.6481068,77.3129797,28.6480833,77.3131943,28.6482692,77.3165712,28.6508985,77.3168367,28.6511362,77.3169896,28.6512845",way/662315647,yes,platform,platform,,,,,,,,,,,,,,,,
28.6514493,77.317408,,Polygon,"77.317408,28.6514493,77.3167965,28.6508961,77.3132801,28.6481539,77.3130682,28.6479656,77.3129421,28.6478385,77.3129904,28.6477844,77.3168877,28.6508137,77.3171278,28.6510291,77.3174603,28.6513998,77.317408,28.6514493",way/662315648,yes,platform,platform,,,,,,,,,,,,,,,,
28.5926464,77.1711922,,Polygon,"77.1711922,28.5926464,77.1711505,28.5926243,77.172116,28.5912206,77.1721578,28.5912428,77.1711922,28.5926464",way/662484592,yes,,platform,,,,,,,,,,,,,,,,
28.5925647,77.1710291,,Polygon,"77.1710291,28.5925647,77.1709874,28.5925426,77.171953,28.5911389,77.1719947,28.591161,77.1710291,28.5925647",way/662484593,yes,,platform,,,,,,,,,,,,,,,,
28.5956407,77.1681035,,Polygon,"77.1681035,28.5956407,77.1681371,28.5956755,77.1670132,28.5965115,77.1669797,28.5964767,77.1681035,28.5956407",way/662484596,yes,,platform,,,,,,,,,,,,,,,,
28.5957558,77.1682316,,Polygon,"77.1682316,28.5957558,77.1682652,28.5957906,77.1671413,28.5966266,77.1671078,28.5965918,77.1682316,28.5957558",way/662484597,yes,,platform,,,,,,,,,,,,,,,,
28.6230822,77.2670303,,Polygon,"77.2670303,28.6230822,77.2687297,28.6236705,77.2687236,28.6236841,77.2670243,28.6230955,77.2670303,28.6230822",way/696173226,yes,,platform,1,,,,,,,yes,,,,,,,,
28.6230227,77.2670571,,Polygon,"77.2670571,28.6230227,77.2670638,28.6230077,77.2687631,28.6235963,77.2687564,28.6236113,77.2670571,28.6230227",way/696173227,yes,,platform,3,,,,,,,yes,,,,,,,,
28.6229302,77.2670987,,Polygon,"77.2670987,28.6229302,77.2687973,28.6235202,77.268792,28.6235319,77.2670934,28.6229419,77.2670987,28.6229302",way/696173228,yes,,platform,4,,,,,,,yes,,,,,,,,
28.623476,77.2688172,,Polygon,"77.2688172,28.623476,77.2676631,28.6230752,77.2671185,28.622886,77.2671245,28.6228727,77.2676687,28.6230612,77.2688238,28.6234613,77.2688172,28.623476",way/696173229,yes,,platform,2,,,,,,,yes,,,,,,,,
28.6687068,77.249494,,Polygon,"77.249494,28.6687068,77.2512584,28.6681225,77.2512679,28.6681446,77.2495035,28.6687289,77.249494,28.6687068",way/696412830,yes,platform,platform,,,yes,,,,,,,,,,,,,
28.6688047,77.2495372,,Polygon,"77.2495372,28.6688047,77.2513016,28.6682205,77.2513111,28.6682425,77.2495467,28.6688268,77.2495372,28.6688047",way/696412831,yes,platform,platform,,,yes,,,,,,,,,,,,,
28.6864371,77.0596166,,Polygon,"77.0596166,28.6864371,77.0596215,28.6864946,77.0537792,28.6869992,77.0537769,28.6869426,77.0596166,28.6864371",way/729334311,yes,platform,platform,,,yes,,,,,,,,,,,,,
28.6328907,77.2278704,,Polygon,"77.2278704,28.6328907,77.2268964,28.6333939,77.2253454,28.6341171,77.2246617,28.6344495,77.2246076,28.6344779,77.2245692,28.6344321,77.2246121,28.6344033,77.2253096,28.6340541,77.2270079,28.6332468,77.2278454,28.6328566,77.2278704,28.6328907",way/770843509,yes,platform,platform,4;5,,yes,,,,,,,,,,,,,
28.6327038,77.227943,,Polygon,"77.227943,28.6327038,77.2269583,28.6331577,77.2254069,28.6338967,77.2246158,28.6342912,77.2245841,28.6342595,77.2247879,28.634136,77.2253544,28.6338389,77.2269409,28.6330694,77.2273207,28.6329022,77.2276967,28.6327474,77.2279228,28.6326656,77.227943,28.6327038",way/770843510,yes,platform,platform,2;3,,yes,,,,,,,,,,,,,
28.5859938,77.2547047,,Polygon,"77.2547047,28.5859938,77.2547556,28.5859949,77.2548066,28.5864978,77.2546899,28.5893629,77.2546081,28.5897291,77.2545813,28.5897291,77.2547047,28.5859938",way/807905844,yes,platform,platform,,,,,,,,,,,,,,,,
28.6302254,77.2335877,,Polygon,"77.2335877,28.6302254,77.2355698,28.6293037,77.2357857,28.6291931,77.2360419,28.6290471,77.2382104,28.6277923,77.2384854,28.6276204,77.2390071,28.6272673,77.2390486,28.6273108,77.2387911,28.6275192,77.2385082,28.6277205,77.2382399,28.6278853,77.2360902,28.6291413,77.2358581,28.6292696,77.2356275,28.6293908,77.2336869,28.6302725,77.2336292,28.6303019,77.2335877,28.6302254",way/818377324,yes,platform,platform,,,,,,,,,,,,,,,,
28.6150347,77.2474802,,Polygon,"77.2474802,28.6150347,77.2475673,28.615057,77.2469947,28.6168748,77.2469531,28.6168665,77.2470617,28.6163591,77.247114,28.6161554,77.2473434,28.6154138,77.2474802,28.6150347",way/818915047,yes,platform,platform,,,,,,,,,,,,,,,,
28.5508112,77.1201982,,Polygon,"77.1201982,28.5508112,77.1202788,28.5514284,77.1196938,28.5493795,77.1229313,28.5487104,77.1234801,28.5505667,77.1204022,28.5514001,77.1201982,28.5508112",way/860176412,yes,platform,platform,aerocity,,,,,,,yes,,,,,,,,
28.5603563,77.2647544,,LineString,"77.2647544,28.5603563,77.2668398,28.5581163",way/77340556,,,platform,,,,,,,,,,,,,,,,
28.6680448,77.1699645,,LineString,"77.1699645,28.6680448,77.1705089,28.6678284,77.1712645,28.6675493,77.1718543,28.6673445,77.1724881,28.6671316,77.1728123,28.6670286,77.1733508,28.6668665",way/77882516,,,platform,,,,,,,,,,,,,,,,
28.6733759,77.3221889,,LineString,"77.3221889,28.6733759,77.3164522,28.6732868",way/277860264,,,platform,,,,,,,,,,,,,,,,
28.6734118,77.3164496,,LineString,"77.3164496,28.6734118,77.3221783,28.6734997",way/277860266,,,platform,,,,,,,,,,,,,,,,
28.8435483,77.0863339,,LineString,"77.0863339,28.8435483,77.0845589,28.848291",way/296533073,,,platform,,,,,,,,,,,,,,,,
28.7995471,77.1031254,,LineString,"77.1031254,28.7995471,77.1017909,28.8030966",way/296533077,,,platform,,,,,,,,,,,,,,,,
28.8493551,77.0843969,,LineString,"77.0843969,28.8493551,77.0861297,28.8447691",way/296533083,,,platform,,,,,,,,,,,,,,,,
28.8030224,77.1015719,,LineString,"77.1015719,28.8030224,77.1029065,28.7994544",way/296533086,,,platform,,,,,,,,,,,,,,,,
28.77113,77.1143952,,LineString,"77.1143952,28.77113,77.1149202,28.7705396,77.1157013,28.7697064,77.1171494,28.7681617",way/296533099,,,platform,,,,,,,,,,,,,,,,
28.7680978,77.1170478,,LineString,"77.1170478,28.7680978,77.1150361,28.77026,77.1142707,28.7710752",way/296533101,,,platform,,,,,,,,,,,,,,,,
28.6634661,77.1836196,,LineString,"77.1836196,28.6634661,77.1851496,28.6630065,77.1893844,28.6617345,77.1896376,28.6616672,77.1899406,28.6615965",way/387410454,,platform,platform,1,,yes,,,,,,yes,yes,,,,,,
28.6668237,77.1702287,,LineString,"77.1702287,28.6668237,77.1705333,28.6668748,77.1708287,28.6669097,77.1710587,28.6669196,77.1713915,28.6669371,77.1717082,28.666928,77.1720656,28.6669046,77.1723148,28.6668787,77.1725701,28.6668383,77.1727797,28.6667937,77.1727801,28.666812,77.1717642,28.667133,77.1711276,28.6673509,77.1703894,28.6676209,77.1698628,28.6678194",way/387414684,,,platform,,,,,,,,,,,,,,,,
28.6667663,77.1723308,,LineString,"77.1723308,28.6667663,77.1720607,28.6667929,77.1717225,28.666814,77.1713706,28.6668181,77.1710985,28.6668073,77.1708336,28.6667811,77.1705352,28.6667413,77.1702213,28.6666866",way/387414685,,,platform,,,,,,,,,,,,,,,,
28.6334293,77.2183663,,LineString,"77.2183663,28.6334293,77.2192085,28.6329774,77.219537,28.6328011,77.2203698,28.6323542",way/582355777,,platform,platform,4,,,,,,,yes,,,-2,-1,,,,
28.6324443,77.2204478,,LineString,"77.2204478,28.6324443,77.2195852,28.6329093,77.2192682,28.6330802,77.218435,28.6335295",way/582355778,,platform,platform,3,,,,,,,yes,,,-2,-1,,,,
28.5208244,77.2015558,,LineString,"77.2015558,28.5208244,77.2020139,28.5211099,77.2022748,28.5212725,77.2024876,28.5214052,77.2029111,28.5216692",way/659848677,,platform,platform,2,,,,,,,yes,,,-2,-2,yes,,,
28.5215853,77.2029778,,LineString,"77.2029778,28.5215853,77.2025569,28.5213241,77.2023437,28.5211918,77.2020823,28.5210296,77.2016266,28.5207469",way/659848678,,platform,platform,1,,,,,,,yes,,,-2,-2,yes,,,
28.6339993,77.2196456,,LineString,"77.2196456,28.6339993,77.2195364,28.6335525,77.2193988,28.6331118,77.2192332,28.6326786,77.21904,28.6322543,77.21882,28.6318401",way/660097248,,platform,platform,2,,,,,,,yes,,,-4,-2,,,,
28.6317898,77.2189199,,LineString,"77.2189199,28.6317898,77.2191497,28.6322079,77.2193498,28.6326376,77.2195195,28.6330773,77.2196583,28.6335253,77.2197655,28.6339798",way/660097249,,platform,platform,1,,,,,,,yes,,,-4,-2,,,,
28.5695155,77.2387465,,LineString,"77.2387465,28.5695155,77.2386067,28.5695717,77.2384199,28.5696467,77.2383771,28.569664,77.238299,28.5696954,77.2382601,28.569711,77.2380784,28.569784,77.2380141,28.5698099,77.2378285,28.5698845,77.2376844,28.5699424",way/660554273,,platform,platform,,,,,,,,yes,,,-2,-2,,,,
28.5693938,77.2386805,,LineString,"77.2386805,28.5693938,77.2383601,28.5695241,77.2382398,28.569573,77.2381972,28.5695904,77.2380155,28.5696643,77.2379475,28.5696919,77.237619,28.5698255",way/660554274,,platform,platform,,,,,,,,yes,,,-2,-2,,,,
28.5754536,77.2094327,,LineString,"77.2094327,28.5754536,77.2089737,28.5744256",way/663757358,,platform,platform,1,,,,,,,yes,,,-2,-2,,,,
28.5744667,77.2088294,,LineString,"77.2088294,28.5744667,77.2092885,28.5754946",way/663757359,,platform,platform,2,,,,,,,yes,,,-2,-2,,,,
28.5615434,77.0725237,,LineString,"77.0725237,28.5615434,77.0703417,28.5589685",way/669058857,,,platform,,,,,,,,,,,,,,,,
28.5587094,77.0699246,,LineString,"77.0699246,28.5587094,77.0724177,28.5616035",way/669058858,,,platform,,,,,,,,,,,,,,,,
28.6049335,77.2891598,,LineString,"77.2891598,28.6049335,77.2894907,28.6042252,77.2895128,28.6041802,77.2899199,28.6033819",way/696179896,,,platform,1,,,,,,,yes,,,,,,,,
28.6033627,77.2898691,,LineString,"77.2898691,28.6033627,77.289462,28.604161,77.2894399,28.604206,77.289109,28.6049143",way/696179897,,,platform,2,,,,,,,yes,,,,,,Dwarka Sector 21,,
28.7453377,77.1375195,,LineString,"77.1375195,28.7453377,77.1386824,28.7440845",way/845757820,,platform,platform,,,,,,concrete:plates,,yes,,,,,,,DMRC,DMRC
28.7454029,77.1376093,,LineString,"77.1376093,28.7454029,77.1387722,28.7441496",way/845757821,,platform,platform,,,,,,concrete:plates,,yes,,,,,,,DMRC,DMRC
